1,scelerisque mauris sit amet eros suspendisse accumsan tortor quis turpis sed ante vivamus tortor,20,1,19
2,id nisl venenatis lacinia aenean sit amet justo morbi ut odio cras,17,2,18
3,felis ut at dolor quis odio consequat varius integer ac leo pellentesque ultrices mattis odio donec vitae nisi nam,6,3,2
4,sociis natoque penatibus et magnis dis parturient montes nascetur ridiculus mus etiam vel augue vestibulum rutrum rutrum neque,10,4,24
5,nec condimentum neque sapien placerat ante nulla justo aliquam quis turpis,14,5,2
6,elementum eu interdum eu tincidunt in leo maecenas pulvinar lobortis est phasellus sit amet erat,9,6,3
7,congue risus semper porta volutpat quam pede lobortis ligula sit amet eleifend pede,14,7,14
8,vel nulla eget eros elementum pellentesque quisque porta volutpat erat quisque erat eros viverra eget,12,8,4
9,vestibulum proin eu mi nulla ac enim in tempor turpis nec euismod,17,9,8
10,consectetuer adipiscing elit proin interdum mauris non ligula pellentesque ultrices phasellus,13,10,23
11,ac est lacinia nisi venenatis tristique fusce congue diam id,4,11,17
12,at vulputate vitae nisl aenean lectus pellentesque eget nunc donec quis,11,12,11
13,posuere metus vitae ipsum aliquam non mauris morbi non lectus aliquam sit amet,10,13,16
14,fusce congue diam id ornare imperdiet sapien urna pretium nisl ut,8,14,19
15,massa id nisl venenatis lacinia aenean sit amet justo morbi ut odio,4,15,16
16,in faucibus orci luctus et ultrices posuere cubilia curae nulla dapibus dolor vel,9,16,17
17,sit amet consectetuer adipiscing elit proin risus praesent lectus vestibulum quam sapien,3,17,8
18,mattis odio donec vitae nisi nam ultrices libero non mattis pulvinar nulla pede,16,18,16
19,massa volutpat convallis morbi odio odio elementum eu interdum eu tincidunt in leo maecenas,17,19,14
20,velit nec nisi vulputate nonummy maecenas tincidunt lacus at velit vivamus vel nulla eget eros elementum,18,20,13
21,luctus et ultrices posuere cubilia curae duis faucibus accumsan odio curabitur convallis duis,9,21,19
22,at turpis donec posuere metus vitae ipsum aliquam non mauris,11,22,2
23,consequat morbi a ipsum integer a nibh in quis justo maecenas rhoncus aliquam lacus,1,23,25
24,fringilla rhoncus mauris enim leo rhoncus sed vestibulum sit amet cursus id turpis integer aliquet massa,15,24,9
25,at turpis donec posuere metus vitae ipsum aliquam non mauris morbi,1,25,9
26,aenean sit amet justo morbi ut odio cras mi pede malesuada in imperdiet et commodo vulputate,3,26,18
27,quam nec dui luctus rutrum nulla tellus in sagittis dui,12,27,15
28,magna vulputate luctus cum sociis natoque penatibus et magnis dis parturient montes nascetur ridiculus mus vivamus vestibulum sagittis,15,28,15
29,dui luctus rutrum nulla tellus in sagittis dui vel nisl duis ac nibh fusce lacus purus aliquet,7,29,15
30,arcu sed augue aliquam erat volutpat in congue etiam justo etiam pretium iaculis justo in,12,30,13
31,sapien placerat ante nulla justo aliquam quis turpis eget elit sodales scelerisque mauris sit amet,10,31,13
32,curabitur at ipsum ac tellus semper interdum mauris ullamcorper purus sit amet nulla quisque arcu libero rutrum ac lobortis,14,32,23
33,pellentesque quisque porta volutpat erat quisque erat eros viverra eget congue eget,13,33,15
34,nec sem duis aliquam convallis nunc proin at turpis a pede,17,34,4
35,quis libero nullam sit amet turpis elementum ligula vehicula consequat,2,35,16
36,eu est congue elementum in hac habitasse platea dictumst morbi vestibulum,15,36,18
37,odio elementum eu interdum eu tincidunt in leo maecenas pulvinar lobortis est phasellus,20,37,18
38,morbi vestibulum velit id pretium iaculis diam erat fermentum justo,10,38,1
39,nunc nisl duis bibendum felis sed interdum venenatis turpis enim blandit mi in porttitor,18,39,21
40,semper interdum mauris ullamcorper purus sit amet nulla quisque arcu libero rutrum ac lobortis vel dapibus at diam nam tristique,17,40,18
41,velit eu est congue elementum in hac habitasse platea dictumst morbi vestibulum velit id pretium iaculis,5,41,19
42,orci luctus et ultrices posuere cubilia curae nulla dapibus dolor vel est donec odio justo sollicitudin ut suscipit,18,42,12
43,nisl nunc nisl duis bibendum felis sed interdum venenatis turpis enim blandit mi in porttitor pede justo eu massa,12,43,24
44,sit amet eros suspendisse accumsan tortor quis turpis sed ante vivamus tortor duis mattis egestas,10,44,23
45,platea dictumst etiam faucibus cursus urna ut tellus nulla ut erat id mauris vulputate elementum nullam,16,45,4
46,ut nunc vestibulum ante ipsum primis in faucibus orci luctus et ultrices posuere cubilia curae mauris,6,46,2
47,ipsum integer a nibh in quis justo maecenas rhoncus aliquam,7,47,22
48,in tempor turpis nec euismod scelerisque quam turpis adipiscing lorem vitae mattis,14,48,17
49,nam dui proin leo odio porttitor id consequat in consequat ut nulla sed accumsan felis ut at dolor,7,49,14
50,amet erat nulla tempus vivamus in felis eu sapien cursus vestibulum proin eu mi,4,50,5
51,duis ac nibh fusce lacus purus aliquet at feugiat non pretium quis lectus suspendisse potenti in,10,51,22
52,nisl nunc nisl duis bibendum felis sed interdum venenatis turpis enim blandit mi in porttitor pede justo eu,4,52,4
53,justo in hac habitasse platea dictumst etiam faucibus cursus urna ut tellus nulla ut erat id mauris vulputate elementum nullam,1,53,6
54,ultrices vel augue vestibulum ante ipsum primis in faucibus orci luctus et ultrices,18,54,25
55,amet cursus id turpis integer aliquet massa id lobortis convallis tortor risus dapibus augue vel accumsan tellus nisi eu,17,55,15
56,suspendisse potenti in eleifend quam a odio in hac habitasse platea dictumst maecenas,11,56,13
57,orci luctus et ultrices posuere cubilia curae donec pharetra magna vestibulum aliquet ultrices erat tortor sollicitudin mi sit amet,4,57,16
58,congue etiam justo etiam pretium iaculis justo in hac habitasse platea dictumst etiam faucibus cursus urna ut tellus nulla,8,58,4
59,commodo placerat praesent blandit nam nulla integer pede justo lacinia eget tincidunt eget tempus vel,5,59,23
60,in quam fringilla rhoncus mauris enim leo rhoncus sed vestibulum sit amet cursus id turpis integer aliquet massa id,13,60,22
61,lacus morbi quis tortor id nulla ultrices aliquet maecenas leo odio condimentum id,19,61,21
62,et ultrices posuere cubilia curae donec pharetra magna vestibulum aliquet ultrices erat tortor sollicitudin mi sit,20,62,19
63,luctus et ultrices posuere cubilia curae duis faucibus accumsan odio curabitur convallis,18,63,8
64,purus eu magna vulputate luctus cum sociis natoque penatibus et magnis dis parturient montes nascetur ridiculus mus vivamus vestibulum sagittis,10,64,17
65,rutrum nulla nunc purus phasellus in felis donec semper sapien a libero nam dui proin leo odio porttitor id,15,65,11
66,consectetuer eget rutrum at lorem integer tincidunt ante vel ipsum praesent blandit lacinia erat vestibulum sed magna at,6,66,5
67,nullam sit amet turpis elementum ligula vehicula consequat morbi a ipsum integer a,12,67,17
68,cras non velit nec nisi vulputate nonummy maecenas tincidunt lacus at velit,8,68,12
69,velit id pretium iaculis diam erat fermentum justo nec condimentum neque sapien placerat ante nulla justo aliquam quis,11,69,12
70,est lacinia nisi venenatis tristique fusce congue diam id ornare imperdiet sapien urna pretium nisl ut volutpat sapien arcu,19,70,2
71,libero non mattis pulvinar nulla pede ullamcorper augue a suscipit nulla elit ac nulla sed vel,5,71,24
72,vel nisl duis ac nibh fusce lacus purus aliquet at feugiat non pretium quis lectus suspendisse potenti in,18,72,17
73,maecenas leo odio condimentum id luctus nec molestie sed justo pellentesque viverra pede ac diam cras pellentesque volutpat dui,12,73,18
74,semper sapien a libero nam dui proin leo odio porttitor id consequat in consequat ut nulla sed,12,74,11
75,a nibh in quis justo maecenas rhoncus aliquam lacus morbi quis tortor id nulla,15,75,25
76,amet cursus id turpis integer aliquet massa id lobortis convallis tortor risus,2,76,22
77,ultrices phasellus id sapien in sapien iaculis congue vivamus metus arcu adipiscing,10,77,23
78,erat id mauris vulputate elementum nullam varius nulla facilisi cras non,4,78,8
79,tortor quis turpis sed ante vivamus tortor duis mattis egestas metus aenean,20,79,14
80,non interdum in ante vestibulum ante ipsum primis in faucibus orci luctus et ultrices posuere cubilia,11,80,4
81,orci mauris lacinia sapien quis libero nullam sit amet turpis elementum ligula vehicula consequat morbi a,16,81,16
82,varius nulla facilisi cras non velit nec nisi vulputate nonummy maecenas,1,82,9
83,condimentum curabitur in libero ut massa volutpat convallis morbi odio odio,10,83,20
84,ac enim in tempor turpis nec euismod scelerisque quam turpis adipiscing lorem vitae mattis,7,84,10
85,duis faucibus accumsan odio curabitur convallis duis consequat dui nec nisi volutpat eleifend donec ut,14,85,16
86,tellus nulla ut erat id mauris vulputate elementum nullam varius nulla facilisi cras non velit nec nisi,12,86,3
87,etiam pretium iaculis justo in hac habitasse platea dictumst etiam faucibus cursus urna ut tellus nulla ut erat id mauris,15,87,12
88,magna vulputate luctus cum sociis natoque penatibus et magnis dis parturient montes nascetur ridiculus mus vivamus vestibulum,4,88,17
89,risus dapibus augue vel accumsan tellus nisi eu orci mauris lacinia sapien quis,19,89,6
90,nisl aenean lectus pellentesque eget nunc donec quis orci eget,18,90,7
91,tellus semper interdum mauris ullamcorper purus sit amet nulla quisque arcu libero rutrum,11,91,1
92,diam neque vestibulum eget vulputate ut ultrices vel augue vestibulum ante ipsum primis in faucibus orci luctus et ultrices posuere,14,92,12
93,sollicitudin mi sit amet lobortis sapien sapien non mi integer ac neque duis bibendum,18,93,9
94,vitae nisi nam ultrices libero non mattis pulvinar nulla pede ullamcorper augue a suscipit nulla elit ac nulla sed,17,94,13
95,proin leo odio porttitor id consequat in consequat ut nulla sed accumsan felis,12,95,18
96,ultrices vel augue vestibulum ante ipsum primis in faucibus orci luctus et ultrices posuere cubilia curae donec pharetra,5,96,7
97,quis odio consequat varius integer ac leo pellentesque ultrices mattis odio donec vitae,14,97,24
98,rhoncus sed vestibulum sit amet cursus id turpis integer aliquet massa id lobortis convallis tortor,7,98,6
99,ut volutpat sapien arcu sed augue aliquam erat volutpat in congue,5,99,17
100,lacus morbi quis tortor id nulla ultrices aliquet maecenas leo odio condimentum id luctus nec,5,100,20
101,risus dapibus augue vel accumsan tellus nisi eu orci mauris lacinia sapien quis libero nullam sit amet turpis,16,101,13
102,posuere cubilia curae donec pharetra magna vestibulum aliquet ultrices erat tortor sollicitudin mi sit amet,19,102,25
103,iaculis diam erat fermentum justo nec condimentum neque sapien placerat ante nulla justo aliquam,4,103,13
104,dolor morbi vel lectus in quam fringilla rhoncus mauris enim leo rhoncus sed vestibulum sit amet cursus id,19,104,19
105,luctus ultricies eu nibh quisque id justo sit amet sapien dignissim vestibulum vestibulum ante ipsum primis in faucibus orci,16,105,25
106,sit amet sem fusce consequat nulla nisl nunc nisl duis bibendum felis sed interdum venenatis turpis,11,106,3
107,hac habitasse platea dictumst morbi vestibulum velit id pretium iaculis diam erat fermentum justo,6,107,2
108,molestie lorem quisque ut erat curabitur gravida nisi at nibh in hac habitasse platea dictumst aliquam augue,13,108,21
109,congue vivamus metus arcu adipiscing molestie hendrerit at vulputate vitae nisl aenean lectus pellentesque eget nunc,15,109,10
110,quis orci eget orci vehicula condimentum curabitur in libero ut massa volutpat,6,110,15
111,potenti cras in purus eu magna vulputate luctus cum sociis natoque,4,111,21
112,sapien urna pretium nisl ut volutpat sapien arcu sed augue aliquam erat volutpat,13,112,8
113,porttitor pede justo eu massa donec dapibus duis at velit eu est congue elementum in hac,6,113,17
114,metus arcu adipiscing molestie hendrerit at vulputate vitae nisl aenean,8,114,4
115,orci luctus et ultrices posuere cubilia curae mauris viverra diam vitae quam suspendisse potenti nullam,19,115,21
116,quam nec dui luctus rutrum nulla tellus in sagittis dui vel nisl duis ac nibh fusce lacus purus,3,116,22
117,ante vestibulum ante ipsum primis in faucibus orci luctus et,9,117,24
118,varius ut blandit non interdum in ante vestibulum ante ipsum primis in faucibus,6,118,17
119,ut nulla sed accumsan felis ut at dolor quis odio consequat varius integer ac leo,8,119,11
120,eros viverra eget congue eget semper rutrum nulla nunc purus phasellus,14,120,22
121,praesent blandit nam nulla integer pede justo lacinia eget tincidunt eget tempus vel pede morbi porttitor lorem id,20,121,5
122,in eleifend quam a odio in hac habitasse platea dictumst maecenas ut massa quis augue,11,122,13
123,pulvinar sed nisl nunc rhoncus dui vel sem sed sagittis nam congue risus,1,123,24
124,curabitur in libero ut massa volutpat convallis morbi odio odio elementum eu interdum eu tincidunt in leo maecenas pulvinar lobortis,5,124,11
125,neque aenean auctor gravida sem praesent id massa id nisl venenatis lacinia aenean sit amet justo,7,125,19
126,tincidunt nulla mollis molestie lorem quisque ut erat curabitur gravida nisi at nibh in,7,126,10
127,in quam fringilla rhoncus mauris enim leo rhoncus sed vestibulum sit amet cursus id turpis integer aliquet massa id lobortis,16,127,6
128,eget vulputate ut ultrices vel augue vestibulum ante ipsum primis in,19,128,12
129,porttitor lacus at turpis donec posuere metus vitae ipsum aliquam non mauris morbi non lectus aliquam sit amet diam,3,129,4
130,magna bibendum imperdiet nullam orci pede venenatis non sodales sed tincidunt eu felis fusce posuere felis,2,130,14
131,proin eu mi nulla ac enim in tempor turpis nec,7,131,1
132,vel augue vestibulum ante ipsum primis in faucibus orci luctus et ultrices posuere cubilia curae donec pharetra magna vestibulum,16,132,10
133,amet diam in magna bibendum imperdiet nullam orci pede venenatis non sodales sed,17,133,15
134,amet sapien dignissim vestibulum vestibulum ante ipsum primis in faucibus orci luctus et ultrices,1,134,22
135,lorem id ligula suspendisse ornare consequat lectus in est risus auctor sed,6,135,16
136,mauris viverra diam vitae quam suspendisse potenti nullam porttitor lacus at turpis donec posuere metus vitae ipsum aliquam non,6,136,5
137,convallis tortor risus dapibus augue vel accumsan tellus nisi eu orci mauris lacinia sapien quis libero,13,137,6
138,porttitor pede justo eu massa donec dapibus duis at velit eu est congue elementum,16,138,4
139,sodales sed tincidunt eu felis fusce posuere felis sed lacus morbi sem mauris laoreet ut rhoncus,6,139,19
140,nulla tellus in sagittis dui vel nisl duis ac nibh fusce lacus purus aliquet at feugiat non pretium,14,140,7
141,nunc viverra dapibus nulla suscipit ligula in lacus curabitur at ipsum ac tellus semper interdum mauris ullamcorper purus sit,6,141,15
142,risus semper porta volutpat quam pede lobortis ligula sit amet,4,142,19
143,mauris ullamcorper purus sit amet nulla quisque arcu libero rutrum ac lobortis vel dapibus at diam,15,143,23
144,commodo placerat praesent blandit nam nulla integer pede justo lacinia eget tincidunt eget,15,144,23
145,praesent blandit lacinia erat vestibulum sed magna at nunc commodo placerat praesent blandit nam nulla,10,145,11
146,quam sapien varius ut blandit non interdum in ante vestibulum ante ipsum primis,6,146,2
147,ut dolor morbi vel lectus in quam fringilla rhoncus mauris enim leo rhoncus sed vestibulum sit amet cursus id turpis,1,147,9
148,vulputate elementum nullam varius nulla facilisi cras non velit nec nisi vulputate nonummy maecenas tincidunt,1,148,18
149,hac habitasse platea dictumst aliquam augue quam sollicitudin vitae consectetuer eget,13,149,23
150,diam in magna bibendum imperdiet nullam orci pede venenatis non sodales sed,7,150,21
151,volutpat erat quisque erat eros viverra eget congue eget semper rutrum nulla nunc purus phasellus in,8,151,10
152,nisi volutpat eleifend donec ut dolor morbi vel lectus in quam fringilla rhoncus mauris enim leo rhoncus sed vestibulum,15,152,14
153,nulla ut erat id mauris vulputate elementum nullam varius nulla facilisi cras non velit nec nisi vulputate,20,153,3
154,etiam faucibus cursus urna ut tellus nulla ut erat id mauris vulputate,3,154,6
155,ac neque duis bibendum morbi non quam nec dui luctus rutrum nulla,17,155,15
156,felis sed lacus morbi sem mauris laoreet ut rhoncus aliquet pulvinar sed nisl,9,156,25
157,quis augue luctus tincidunt nulla mollis molestie lorem quisque ut erat curabitur gravida nisi at nibh in hac habitasse platea,2,157,13
158,tortor sollicitudin mi sit amet lobortis sapien sapien non mi integer ac neque duis bibendum,19,158,23
159,sed sagittis nam congue risus semper porta volutpat quam pede lobortis ligula sit amet eleifend pede libero quis orci,17,159,25
160,aliquam lacus morbi quis tortor id nulla ultrices aliquet maecenas leo odio condimentum id luctus nec molestie sed,18,160,14
161,sit amet sem fusce consequat nulla nisl nunc nisl duis bibendum felis sed interdum venenatis turpis enim,7,161,23
162,ligula pellentesque ultrices phasellus id sapien in sapien iaculis congue vivamus metus arcu adipiscing molestie hendrerit at vulputate vitae nisl,7,162,10
163,vel augue vestibulum rutrum rutrum neque aenean auctor gravida sem praesent,9,163,5
164,hac habitasse platea dictumst etiam faucibus cursus urna ut tellus nulla ut erat,14,164,17
165,proin eu mi nulla ac enim in tempor turpis nec euismod scelerisque quam turpis adipiscing lorem,9,165,24
166,in hac habitasse platea dictumst morbi vestibulum velit id pretium iaculis diam erat fermentum justo nec condimentum neque,9,166,25
167,venenatis tristique fusce congue diam id ornare imperdiet sapien urna pretium,3,167,15
168,posuere nonummy integer non velit donec diam neque vestibulum eget vulputate ut ultrices vel,11,168,24
169,nulla dapibus dolor vel est donec odio justo sollicitudin ut suscipit a feugiat et eros vestibulum ac est lacinia nisi,14,169,21
170,cras non velit nec nisi vulputate nonummy maecenas tincidunt lacus at velit vivamus vel nulla eget eros elementum pellentesque quisque,17,170,10
171,pellentesque quisque porta volutpat erat quisque erat eros viverra eget congue eget semper rutrum nulla nunc purus phasellus in felis,8,171,12
172,semper porta volutpat quam pede lobortis ligula sit amet eleifend,6,172,16
173,consequat ut nulla sed accumsan felis ut at dolor quis odio,12,173,8
174,eget vulputate ut ultrices vel augue vestibulum ante ipsum primis in faucibus,2,174,4
175,eget elit sodales scelerisque mauris sit amet eros suspendisse accumsan tortor quis turpis sed ante vivamus tortor duis,11,175,13
176,dictumst etiam faucibus cursus urna ut tellus nulla ut erat id mauris vulputate,15,176,21
177,interdum venenatis turpis enim blandit mi in porttitor pede justo eu massa donec dapibus duis at,7,177,3
178,iaculis congue vivamus metus arcu adipiscing molestie hendrerit at vulputate vitae nisl aenean lectus pellentesque,2,178,11
179,enim in tempor turpis nec euismod scelerisque quam turpis adipiscing,9,179,22
180,orci eget orci vehicula condimentum curabitur in libero ut massa volutpat convallis morbi odio odio,1,180,7
181,lobortis ligula sit amet eleifend pede libero quis orci nullam molestie nibh in lectus,3,181,2
182,ipsum primis in faucibus orci luctus et ultrices posuere cubilia curae donec,13,182,19
183,erat quisque erat eros viverra eget congue eget semper rutrum nulla nunc purus phasellus in felis donec semper,9,183,10
184,primis in faucibus orci luctus et ultrices posuere cubilia curae duis faucibus accumsan odio curabitur convallis duis consequat dui,20,184,6
185,fusce posuere felis sed lacus morbi sem mauris laoreet ut rhoncus aliquet pulvinar sed nisl nunc,12,185,13
186,proin eu mi nulla ac enim in tempor turpis nec euismod scelerisque quam turpis adipiscing lorem,19,186,7
187,rhoncus aliquet pulvinar sed nisl nunc rhoncus dui vel sem sed sagittis nam congue risus semper,9,187,17
188,ipsum primis in faucibus orci luctus et ultrices posuere cubilia curae mauris viverra diam vitae quam,10,188,20
189,vestibulum sed magna at nunc commodo placerat praesent blandit nam nulla integer pede justo lacinia,3,189,24
190,morbi non lectus aliquam sit amet diam in magna bibendum imperdiet nullam,19,190,9
191,duis bibendum morbi non quam nec dui luctus rutrum nulla tellus in,9,191,6
192,turpis donec posuere metus vitae ipsum aliquam non mauris morbi non lectus aliquam sit amet diam,14,192,18
193,ultrices posuere cubilia curae mauris viverra diam vitae quam suspendisse potenti nullam porttitor lacus at turpis donec posuere metus,3,193,10
194,blandit non interdum in ante vestibulum ante ipsum primis in,15,194,9
195,augue a suscipit nulla elit ac nulla sed vel enim sit amet nunc,16,195,24
196,augue aliquam erat volutpat in congue etiam justo etiam pretium iaculis justo,19,196,5
197,proin eu mi nulla ac enim in tempor turpis nec euismod scelerisque quam turpis adipiscing lorem vitae mattis nibh ligula,3,197,15
198,vitae nisl aenean lectus pellentesque eget nunc donec quis orci eget orci vehicula condimentum curabitur in libero ut massa,5,198,21
199,id luctus nec molestie sed justo pellentesque viverra pede ac diam cras pellentesque,5,199,1
200,penatibus et magnis dis parturient montes nascetur ridiculus mus etiam vel augue vestibulum rutrum rutrum neque aenean auctor,15,200,21
201,congue vivamus metus arcu adipiscing molestie hendrerit at vulputate vitae nisl aenean,8,201,16
202,sem mauris laoreet ut rhoncus aliquet pulvinar sed nisl nunc rhoncus,5,202,23
203,id luctus nec molestie sed justo pellentesque viverra pede ac diam cras,17,203,1
204,diam erat fermentum justo nec condimentum neque sapien placerat ante nulla justo aliquam quis turpis,19,204,14
205,dui vel sem sed sagittis nam congue risus semper porta volutpat quam pede lobortis ligula sit amet,8,205,18
206,non pretium quis lectus suspendisse potenti in eleifend quam a odio in hac habitasse platea dictumst maecenas,20,206,16
207,non lectus aliquam sit amet diam in magna bibendum imperdiet nullam orci pede venenatis non,6,207,4
208,malesuada in imperdiet et commodo vulputate justo in blandit ultrices enim lorem ipsum dolor,7,208,2
209,dolor sit amet consectetuer adipiscing elit proin interdum mauris non ligula,8,209,1
210,mi nulla ac enim in tempor turpis nec euismod scelerisque quam,1,210,14
211,justo morbi ut odio cras mi pede malesuada in imperdiet et,20,211,13
212,donec vitae nisi nam ultrices libero non mattis pulvinar nulla pede ullamcorper augue a,1,212,16
213,dolor sit amet consectetuer adipiscing elit proin risus praesent lectus vestibulum quam sapien varius ut blandit,11,213,20
214,lorem vitae mattis nibh ligula nec sem duis aliquam convallis nunc proin at,3,214,15
215,accumsan felis ut at dolor quis odio consequat varius integer,19,215,9
216,mauris viverra diam vitae quam suspendisse potenti nullam porttitor lacus,13,216,1
217,lacinia eget tincidunt eget tempus vel pede morbi porttitor lorem,18,217,13
218,vivamus vel nulla eget eros elementum pellentesque quisque porta volutpat erat quisque erat eros viverra eget congue eget semper rutrum,11,218,22
219,sapien cum sociis natoque penatibus et magnis dis parturient montes nascetur ridiculus mus etiam vel augue vestibulum,6,219,11
220,nisl ut volutpat sapien arcu sed augue aliquam erat volutpat in congue etiam justo etiam pretium iaculis justo,8,220,3
221,curabitur gravida nisi at nibh in hac habitasse platea dictumst aliquam augue quam,3,221,25
222,feugiat non pretium quis lectus suspendisse potenti in eleifend quam,8,222,14
223,id nulla ultrices aliquet maecenas leo odio condimentum id luctus nec molestie sed justo pellentesque viverra pede ac diam cras,4,223,11
224,molestie hendrerit at vulputate vitae nisl aenean lectus pellentesque eget nunc donec quis orci eget orci vehicula condimentum curabitur,4,224,15
225,mattis egestas metus aenean fermentum donec ut mauris eget massa tempor convallis nulla neque libero,4,225,19
226,feugiat et eros vestibulum ac est lacinia nisi venenatis tristique fusce congue diam id ornare imperdiet sapien urna,12,226,20
227,id mauris vulputate elementum nullam varius nulla facilisi cras non velit nec nisi vulputate nonummy maecenas,6,227,16
228,nullam sit amet turpis elementum ligula vehicula consequat morbi a ipsum integer a nibh,3,228,10
229,amet erat nulla tempus vivamus in felis eu sapien cursus vestibulum proin eu mi nulla ac enim in tempor turpis,14,229,23
230,morbi odio odio elementum eu interdum eu tincidunt in leo maecenas pulvinar lobortis,5,230,9
231,urna ut tellus nulla ut erat id mauris vulputate elementum nullam varius nulla facilisi cras non velit,10,231,22
232,odio porttitor id consequat in consequat ut nulla sed accumsan felis ut at dolor,3,232,7
233,aliquet ultrices erat tortor sollicitudin mi sit amet lobortis sapien sapien non mi integer,13,233,15
234,ut massa volutpat convallis morbi odio odio elementum eu interdum eu tincidunt in,8,234,11
235,quis orci nullam molestie nibh in lectus pellentesque at nulla suspendisse potenti cras in purus eu magna,7,235,7
236,nulla tempus vivamus in felis eu sapien cursus vestibulum proin eu mi nulla ac enim in,8,236,6
237,in leo maecenas pulvinar lobortis est phasellus sit amet erat nulla tempus vivamus in felis eu sapien,1,237,10
238,suspendisse potenti in eleifend quam a odio in hac habitasse platea dictumst maecenas ut massa quis,3,238,11
239,sit amet eros suspendisse accumsan tortor quis turpis sed ante vivamus tortor duis mattis egestas metus,9,239,13
240,tristique fusce congue diam id ornare imperdiet sapien urna pretium nisl ut volutpat sapien arcu sed augue aliquam,10,240,16
241,sit amet consectetuer adipiscing elit proin risus praesent lectus vestibulum,9,241,22
242,luctus tincidunt nulla mollis molestie lorem quisque ut erat curabitur gravida nisi at nibh in hac habitasse platea dictumst,8,242,6
243,molestie lorem quisque ut erat curabitur gravida nisi at nibh in hac habitasse platea dictumst aliquam,15,243,13
244,mi sit amet lobortis sapien sapien non mi integer ac neque duis bibendum morbi non quam,1,244,16
245,imperdiet et commodo vulputate justo in blandit ultrices enim lorem ipsum dolor sit amet consectetuer,15,245,4
246,a suscipit nulla elit ac nulla sed vel enim sit amet,3,246,20
247,libero non mattis pulvinar nulla pede ullamcorper augue a suscipit nulla elit ac nulla,6,247,22
248,nam congue risus semper porta volutpat quam pede lobortis ligula sit,12,248,20
249,sit amet nulla quisque arcu libero rutrum ac lobortis vel dapibus at diam nam tristique tortor eu pede,7,249,8
250,magna vulputate luctus cum sociis natoque penatibus et magnis dis parturient montes nascetur ridiculus mus vivamus vestibulum sagittis sapien cum,6,250,10
251,ipsum integer a nibh in quis justo maecenas rhoncus aliquam lacus morbi quis tortor id,3,251,3
252,lectus in est risus auctor sed tristique in tempus sit amet sem fusce consequat,7,252,2
253,accumsan tellus nisi eu orci mauris lacinia sapien quis libero nullam sit amet turpis elementum ligula,5,253,3
254,eget semper rutrum nulla nunc purus phasellus in felis donec semper sapien a libero nam,12,254,17
255,pede justo lacinia eget tincidunt eget tempus vel pede morbi porttitor lorem id ligula suspendisse ornare consequat lectus,18,255,10
256,sapien ut nunc vestibulum ante ipsum primis in faucibus orci luctus et ultrices posuere cubilia curae mauris viverra diam vitae,1,256,17
257,ante ipsum primis in faucibus orci luctus et ultrices posuere,10,257,24
258,tincidunt eu felis fusce posuere felis sed lacus morbi sem mauris laoreet ut rhoncus aliquet,6,258,18
259,quis turpis eget elit sodales scelerisque mauris sit amet eros suspendisse accumsan tortor,12,259,11
260,odio porttitor id consequat in consequat ut nulla sed accumsan felis ut at dolor quis odio consequat varius integer ac,3,260,17
261,in lacus curabitur at ipsum ac tellus semper interdum mauris ullamcorper purus sit amet,14,261,10
262,mauris lacinia sapien quis libero nullam sit amet turpis elementum ligula,14,262,22
263,et ultrices posuere cubilia curae nulla dapibus dolor vel est donec odio,9,263,2
264,quisque erat eros viverra eget congue eget semper rutrum nulla nunc purus phasellus in felis donec semper sapien a libero,13,264,11
265,dictumst aliquam augue quam sollicitudin vitae consectetuer eget rutrum at lorem integer tincidunt ante,6,265,10
266,nulla integer pede justo lacinia eget tincidunt eget tempus vel pede morbi porttitor lorem id ligula suspendisse ornare consequat lectus,10,266,2
267,et commodo vulputate justo in blandit ultrices enim lorem ipsum,1,267,8
268,pede libero quis orci nullam molestie nibh in lectus pellentesque at nulla suspendisse potenti cras in purus eu,8,268,22
269,neque sapien placerat ante nulla justo aliquam quis turpis eget elit sodales scelerisque mauris sit amet,1,269,7
270,tristique est et tempus semper est quam pharetra magna ac consequat metus,15,270,9
271,platea dictumst morbi vestibulum velit id pretium iaculis diam erat,20,271,15
272,massa volutpat convallis morbi odio odio elementum eu interdum eu tincidunt in leo,8,272,1
273,cum sociis natoque penatibus et magnis dis parturient montes nascetur ridiculus mus etiam vel augue vestibulum rutrum rutrum neque aenean,11,273,10
274,justo sit amet sapien dignissim vestibulum vestibulum ante ipsum primis in faucibus orci luctus et ultrices posuere cubilia curae,18,274,18
275,augue vestibulum rutrum rutrum neque aenean auctor gravida sem praesent id massa id nisl venenatis lacinia aenean,6,275,2
276,mauris viverra diam vitae quam suspendisse potenti nullam porttitor lacus,14,276,25
277,vulputate luctus cum sociis natoque penatibus et magnis dis parturient montes nascetur ridiculus mus vivamus,6,277,10
278,tortor sollicitudin mi sit amet lobortis sapien sapien non mi integer ac neque duis bibendum morbi non,18,278,12
279,id nisl venenatis lacinia aenean sit amet justo morbi ut odio cras mi pede malesuada,7,279,3
280,fusce lacus purus aliquet at feugiat non pretium quis lectus suspendisse potenti in eleifend quam a odio in,11,280,12
281,turpis a pede posuere nonummy integer non velit donec diam neque vestibulum,8,281,19
282,volutpat eleifend donec ut dolor morbi vel lectus in quam fringilla rhoncus mauris enim leo rhoncus sed,15,282,20
283,a libero nam dui proin leo odio porttitor id consequat in,16,283,18
284,sapien cum sociis natoque penatibus et magnis dis parturient montes nascetur,9,284,1
285,rutrum neque aenean auctor gravida sem praesent id massa id nisl,15,285,25
286,justo nec condimentum neque sapien placerat ante nulla justo aliquam quis,14,286,5
287,congue risus semper porta volutpat quam pede lobortis ligula sit amet eleifend pede libero quis orci,3,287,13
288,eget rutrum at lorem integer tincidunt ante vel ipsum praesent,16,288,19
289,sit amet sapien dignissim vestibulum vestibulum ante ipsum primis in faucibus orci luctus et ultrices posuere,11,289,14
290,sapien varius ut blandit non interdum in ante vestibulum ante ipsum primis in faucibus orci,2,290,20
291,blandit nam nulla integer pede justo lacinia eget tincidunt eget tempus vel pede morbi,16,291,22
292,lectus suspendisse potenti in eleifend quam a odio in hac habitasse platea dictumst maecenas ut,3,292,22
293,quis augue luctus tincidunt nulla mollis molestie lorem quisque ut erat curabitur gravida nisi at nibh,12,293,10
294,vitae nisl aenean lectus pellentesque eget nunc donec quis orci eget orci vehicula,3,294,1
295,donec quis orci eget orci vehicula condimentum curabitur in libero ut massa volutpat convallis morbi odio odio elementum eu interdum,9,295,24
296,interdum eu tincidunt in leo maecenas pulvinar lobortis est phasellus sit amet erat nulla tempus vivamus in felis eu sapien,13,296,13
297,tristique in tempus sit amet sem fusce consequat nulla nisl nunc nisl duis bibendum felis sed interdum,1,297,19
298,mus etiam vel augue vestibulum rutrum rutrum neque aenean auctor gravida sem praesent id massa id,14,298,6
299,blandit nam nulla integer pede justo lacinia eget tincidunt eget tempus vel pede morbi porttitor lorem id ligula suspendisse,9,299,5
300,morbi ut odio cras mi pede malesuada in imperdiet et,14,300,6
301,nullam molestie nibh in lectus pellentesque at nulla suspendisse potenti cras in purus eu magna,7,301,6
302,nonummy integer non velit donec diam neque vestibulum eget vulputate ut ultrices vel augue vestibulum ante ipsum primis in,3,302,13
303,rutrum at lorem integer tincidunt ante vel ipsum praesent blandit lacinia erat vestibulum,13,303,7
304,donec semper sapien a libero nam dui proin leo odio porttitor id consequat in consequat ut nulla,6,304,23
305,consequat in consequat ut nulla sed accumsan felis ut at dolor quis odio,3,305,7
306,donec odio justo sollicitudin ut suscipit a feugiat et eros,13,306,15
307,fusce consequat nulla nisl nunc nisl duis bibendum felis sed interdum venenatis turpis enim blandit mi in porttitor pede justo,18,307,8
308,ligula suspendisse ornare consequat lectus in est risus auctor sed tristique in tempus sit,8,308,9
309,sed accumsan felis ut at dolor quis odio consequat varius integer ac leo pellentesque ultrices mattis odio donec,16,309,16
310,aliquet ultrices erat tortor sollicitudin mi sit amet lobortis sapien sapien non mi integer ac,5,310,15
311,volutpat erat quisque erat eros viverra eget congue eget semper rutrum nulla nunc purus phasellus in felis,3,311,22
312,sit amet erat nulla tempus vivamus in felis eu sapien cursus vestibulum proin eu mi nulla,3,312,3
313,maecenas ut massa quis augue luctus tincidunt nulla mollis molestie lorem quisque ut erat curabitur gravida,11,313,3
314,ligula sit amet eleifend pede libero quis orci nullam molestie nibh in lectus pellentesque at nulla suspendisse potenti cras,13,314,22
315,sed ante vivamus tortor duis mattis egestas metus aenean fermentum donec ut mauris eget,6,315,20
316,lorem vitae mattis nibh ligula nec sem duis aliquam convallis nunc proin,12,316,14
317,est lacinia nisi venenatis tristique fusce congue diam id ornare imperdiet sapien urna pretium nisl ut volutpat sapien,7,317,5
318,odio donec vitae nisi nam ultrices libero non mattis pulvinar,16,318,16
319,nibh ligula nec sem duis aliquam convallis nunc proin at,7,319,25
320,eu sapien cursus vestibulum proin eu mi nulla ac enim in tempor turpis,6,320,18
321,aliquam augue quam sollicitudin vitae consectetuer eget rutrum at lorem integer tincidunt,1,321,11
322,aliquet pulvinar sed nisl nunc rhoncus dui vel sem sed sagittis nam congue risus,12,322,23
323,dolor quis odio consequat varius integer ac leo pellentesque ultrices mattis odio,12,323,11
324,est risus auctor sed tristique in tempus sit amet sem fusce consequat nulla nisl nunc,1,324,19
325,a odio in hac habitasse platea dictumst maecenas ut massa quis augue luctus tincidunt nulla mollis molestie lorem,7,325,1
326,non quam nec dui luctus rutrum nulla tellus in sagittis dui vel nisl duis ac nibh fusce,14,326,8
327,curae donec pharetra magna vestibulum aliquet ultrices erat tortor sollicitudin mi sit amet lobortis sapien sapien,7,327,11
328,potenti nullam porttitor lacus at turpis donec posuere metus vitae,5,328,13
329,scelerisque quam turpis adipiscing lorem vitae mattis nibh ligula nec sem duis aliquam convallis,4,329,21
330,diam erat fermentum justo nec condimentum neque sapien placerat ante nulla justo aliquam quis turpis,17,330,23
331,semper est quam pharetra magna ac consequat metus sapien ut nunc vestibulum ante ipsum primis in faucibus,5,331,8
332,luctus ultricies eu nibh quisque id justo sit amet sapien dignissim vestibulum vestibulum ante ipsum primis in,12,332,8
333,sapien urna pretium nisl ut volutpat sapien arcu sed augue aliquam erat volutpat in congue etiam,3,333,24
334,fermentum donec ut mauris eget massa tempor convallis nulla neque libero convallis eget eleifend,2,334,25
335,vel ipsum praesent blandit lacinia erat vestibulum sed magna at,20,335,20
336,pede posuere nonummy integer non velit donec diam neque vestibulum eget vulputate ut ultrices vel augue,13,336,24
337,diam vitae quam suspendisse potenti nullam porttitor lacus at turpis donec posuere metus vitae ipsum aliquam non,1,337,2
338,tincidunt nulla mollis molestie lorem quisque ut erat curabitur gravida nisi at nibh in hac,6,338,22
339,ultrices libero non mattis pulvinar nulla pede ullamcorper augue a suscipit nulla elit ac nulla sed,7,339,1
340,vulputate luctus cum sociis natoque penatibus et magnis dis parturient montes nascetur ridiculus,2,340,7
341,eget eros elementum pellentesque quisque porta volutpat erat quisque erat eros,16,341,18
342,sed sagittis nam congue risus semper porta volutpat quam pede lobortis ligula sit,1,342,3
343,luctus rutrum nulla tellus in sagittis dui vel nisl duis ac nibh,13,343,11
344,tincidunt ante vel ipsum praesent blandit lacinia erat vestibulum sed magna at nunc commodo placerat praesent blandit nam nulla,17,344,7
345,morbi ut odio cras mi pede malesuada in imperdiet et,3,345,16
346,sit amet consectetuer adipiscing elit proin interdum mauris non ligula,18,346,14
347,malesuada in imperdiet et commodo vulputate justo in blandit ultrices enim,20,347,17
348,diam in magna bibendum imperdiet nullam orci pede venenatis non sodales sed tincidunt eu felis fusce,14,348,18
349,in ante vestibulum ante ipsum primis in faucibus orci luctus et ultrices posuere,4,349,9
350,massa donec dapibus duis at velit eu est congue elementum in hac habitasse platea dictumst,16,350,5
351,ut nunc vestibulum ante ipsum primis in faucibus orci luctus et ultrices posuere cubilia curae mauris viverra,14,351,18
352,eget vulputate ut ultrices vel augue vestibulum ante ipsum primis,19,352,19
353,pede ac diam cras pellentesque volutpat dui maecenas tristique est et tempus semper est quam pharetra magna ac consequat,10,353,2
354,augue vestibulum rutrum rutrum neque aenean auctor gravida sem praesent id massa id nisl venenatis,9,354,2
355,nisi venenatis tristique fusce congue diam id ornare imperdiet sapien,1,355,6
356,purus aliquet at feugiat non pretium quis lectus suspendisse potenti in eleifend quam a odio in hac habitasse platea,4,356,18
357,vulputate luctus cum sociis natoque penatibus et magnis dis parturient montes nascetur ridiculus mus vivamus vestibulum sagittis sapien,9,357,22
358,id pretium iaculis diam erat fermentum justo nec condimentum neque sapien placerat,2,358,15
359,magna at nunc commodo placerat praesent blandit nam nulla integer,4,359,3
360,nulla tellus in sagittis dui vel nisl duis ac nibh fusce lacus purus aliquet at feugiat non pretium,18,360,23
361,in libero ut massa volutpat convallis morbi odio odio elementum eu interdum eu tincidunt in leo maecenas pulvinar,6,361,20
362,dictumst maecenas ut massa quis augue luctus tincidunt nulla mollis,2,362,22
363,odio in hac habitasse platea dictumst maecenas ut massa quis augue luctus tincidunt nulla mollis,6,363,21
364,platea dictumst maecenas ut massa quis augue luctus tincidunt nulla,6,364,9
365,a feugiat et eros vestibulum ac est lacinia nisi venenatis tristique fusce congue diam id ornare,20,365,4
366,ultrices posuere cubilia curae duis faucibus accumsan odio curabitur convallis duis consequat dui nec,1,366,16
367,curabitur convallis duis consequat dui nec nisi volutpat eleifend donec ut dolor morbi vel lectus in quam fringilla rhoncus mauris,1,367,14
368,suspendisse accumsan tortor quis turpis sed ante vivamus tortor duis mattis egestas,1,368,3
369,ante ipsum primis in faucibus orci luctus et ultrices posuere cubilia curae nulla dapibus dolor,11,369,6
370,et magnis dis parturient montes nascetur ridiculus mus etiam vel augue vestibulum rutrum rutrum neque aenean auctor,20,370,8
371,pede libero quis orci nullam molestie nibh in lectus pellentesque at nulla suspendisse potenti cras in,9,371,6
372,consequat ut nulla sed accumsan felis ut at dolor quis odio,16,372,13
373,magna vestibulum aliquet ultrices erat tortor sollicitudin mi sit amet lobortis sapien,15,373,19
374,fusce lacus purus aliquet at feugiat non pretium quis lectus suspendisse potenti in eleifend quam a odio,6,374,2
375,suscipit nulla elit ac nulla sed vel enim sit amet nunc viverra dapibus nulla,20,375,8
376,in ante vestibulum ante ipsum primis in faucibus orci luctus et ultrices posuere cubilia curae duis faucibus accumsan,17,376,15
377,non quam nec dui luctus rutrum nulla tellus in sagittis dui vel nisl duis ac nibh,17,377,15
378,odio porttitor id consequat in consequat ut nulla sed accumsan felis ut at dolor,9,378,22
379,nulla integer pede justo lacinia eget tincidunt eget tempus vel pede morbi porttitor lorem,1,379,7
380,imperdiet sapien urna pretium nisl ut volutpat sapien arcu sed augue aliquam erat volutpat in congue,13,380,17
381,purus phasellus in felis donec semper sapien a libero nam dui,9,381,16
382,erat nulla tempus vivamus in felis eu sapien cursus vestibulum proin eu mi nulla ac enim in tempor,8,382,10
383,pretium quis lectus suspendisse potenti in eleifend quam a odio,19,383,13
384,nulla integer pede justo lacinia eget tincidunt eget tempus vel,1,384,23
385,est congue elementum in hac habitasse platea dictumst morbi vestibulum,9,385,15
386,elit sodales scelerisque mauris sit amet eros suspendisse accumsan tortor quis,13,386,8
387,nulla nunc purus phasellus in felis donec semper sapien a libero nam dui proin leo odio porttitor id consequat in,6,387,1
388,bibendum felis sed interdum venenatis turpis enim blandit mi in porttitor pede justo eu massa donec,12,388,9
389,sit amet lobortis sapien sapien non mi integer ac neque,20,389,23
390,eu orci mauris lacinia sapien quis libero nullam sit amet turpis elementum ligula vehicula consequat morbi a ipsum,20,390,19
391,aliquam quis turpis eget elit sodales scelerisque mauris sit amet eros suspendisse accumsan tortor quis turpis sed ante vivamus tortor,9,391,15
392,amet consectetuer adipiscing elit proin interdum mauris non ligula pellentesque ultrices phasellus id sapien in sapien iaculis,18,392,7
393,cursus urna ut tellus nulla ut erat id mauris vulputate elementum nullam varius nulla facilisi cras non,5,393,20
394,sed sagittis nam congue risus semper porta volutpat quam pede lobortis ligula sit amet,19,394,10
395,vitae ipsum aliquam non mauris morbi non lectus aliquam sit amet diam,1,395,13
396,odio odio elementum eu interdum eu tincidunt in leo maecenas pulvinar lobortis est phasellus sit amet erat nulla tempus,15,396,19
397,aliquam augue quam sollicitudin vitae consectetuer eget rutrum at lorem integer tincidunt ante vel ipsum praesent blandit lacinia,2,397,25
398,mauris enim leo rhoncus sed vestibulum sit amet cursus id turpis integer aliquet massa id,10,398,17
399,nibh fusce lacus purus aliquet at feugiat non pretium quis,8,399,18
400,nec nisi vulputate nonummy maecenas tincidunt lacus at velit vivamus vel nulla eget eros elementum pellentesque quisque porta volutpat,3,400,8
401,accumsan felis ut at dolor quis odio consequat varius integer ac leo pellentesque ultrices mattis odio donec vitae,2,401,9
402,sollicitudin mi sit amet lobortis sapien sapien non mi integer ac neque duis bibendum morbi non quam nec dui luctus,14,402,3
403,proin interdum mauris non ligula pellentesque ultrices phasellus id sapien in sapien iaculis congue vivamus metus arcu adipiscing molestie,1,403,21
404,vel accumsan tellus nisi eu orci mauris lacinia sapien quis libero nullam sit,8,404,18
405,id nisl venenatis lacinia aenean sit amet justo morbi ut odio cras mi pede malesuada in imperdiet et,5,405,18
406,eros suspendisse accumsan tortor quis turpis sed ante vivamus tortor duis mattis egestas metus aenean fermentum donec,20,406,19
407,quis odio consequat varius integer ac leo pellentesque ultrices mattis odio donec vitae nisi nam,17,407,20
408,luctus et ultrices posuere cubilia curae donec pharetra magna vestibulum aliquet ultrices erat tortor sollicitudin mi sit amet lobortis sapien,16,408,24
409,faucibus orci luctus et ultrices posuere cubilia curae donec pharetra magna vestibulum,6,409,14
410,augue vel accumsan tellus nisi eu orci mauris lacinia sapien quis,15,410,18
411,tortor duis mattis egestas metus aenean fermentum donec ut mauris eget massa tempor convallis nulla neque libero convallis,16,411,9
412,curae mauris viverra diam vitae quam suspendisse potenti nullam porttitor lacus at turpis donec posuere metus vitae,12,412,22
413,sit amet turpis elementum ligula vehicula consequat morbi a ipsum integer a nibh in quis justo maecenas,17,413,9
414,mollis molestie lorem quisque ut erat curabitur gravida nisi at nibh in,1,414,8
415,congue etiam justo etiam pretium iaculis justo in hac habitasse platea dictumst etiam faucibus,4,415,15
416,aliquam augue quam sollicitudin vitae consectetuer eget rutrum at lorem integer tincidunt ante vel ipsum praesent blandit lacinia,5,416,4
417,aenean auctor gravida sem praesent id massa id nisl venenatis lacinia aenean sit amet justo,4,417,12
418,dui nec nisi volutpat eleifend donec ut dolor morbi vel lectus in quam fringilla rhoncus mauris enim leo rhoncus,1,418,8
419,condimentum id luctus nec molestie sed justo pellentesque viverra pede,4,419,22
420,maecenas leo odio condimentum id luctus nec molestie sed justo pellentesque viverra pede ac diam cras pellentesque volutpat dui,15,420,4
421,vestibulum ante ipsum primis in faucibus orci luctus et ultrices posuere,7,421,16
422,hac habitasse platea dictumst aliquam augue quam sollicitudin vitae consectetuer eget rutrum at lorem integer tincidunt ante vel ipsum praesent,7,422,3
423,curae duis faucibus accumsan odio curabitur convallis duis consequat dui nec nisi volutpat eleifend donec ut dolor,12,423,1
424,eget massa tempor convallis nulla neque libero convallis eget eleifend luctus ultricies eu nibh,4,424,21
425,in felis eu sapien cursus vestibulum proin eu mi nulla,14,425,11
426,eget rutrum at lorem integer tincidunt ante vel ipsum praesent blandit lacinia erat,18,426,9
427,sollicitudin mi sit amet lobortis sapien sapien non mi integer ac neque duis bibendum morbi non quam nec dui luctus,1,427,23
428,quam suspendisse potenti nullam porttitor lacus at turpis donec posuere metus vitae,5,428,5
429,lorem quisque ut erat curabitur gravida nisi at nibh in hac habitasse platea dictumst aliquam augue,19,429,13
430,nunc nisl duis bibendum felis sed interdum venenatis turpis enim blandit mi in porttitor pede justo eu massa donec,20,430,23
431,ligula nec sem duis aliquam convallis nunc proin at turpis a pede posuere nonummy integer non velit donec diam neque,6,431,11
432,rhoncus aliquam lacus morbi quis tortor id nulla ultrices aliquet maecenas leo odio condimentum id luctus nec molestie sed,4,432,13
433,iaculis justo in hac habitasse platea dictumst etiam faucibus cursus urna,20,433,5
434,pellentesque eget nunc donec quis orci eget orci vehicula condimentum curabitur in libero ut massa volutpat convallis morbi odio odio,5,434,6
435,diam in magna bibendum imperdiet nullam orci pede venenatis non sodales sed tincidunt eu felis fusce posuere felis sed,9,435,21
436,nulla sed vel enim sit amet nunc viverra dapibus nulla suscipit ligula in lacus curabitur at,17,436,2
437,odio in hac habitasse platea dictumst maecenas ut massa quis augue luctus tincidunt,14,437,8
438,parturient montes nascetur ridiculus mus vivamus vestibulum sagittis sapien cum sociis natoque penatibus et magnis dis,10,438,16
439,tellus nisi eu orci mauris lacinia sapien quis libero nullam sit,5,439,18
440,fusce consequat nulla nisl nunc nisl duis bibendum felis sed interdum venenatis turpis enim,15,440,8
441,dapibus duis at velit eu est congue elementum in hac habitasse platea dictumst morbi vestibulum velit id,19,441,9
442,pharetra magna ac consequat metus sapien ut nunc vestibulum ante ipsum primis in faucibus orci luctus et,15,442,3
443,quam turpis adipiscing lorem vitae mattis nibh ligula nec sem,10,443,2
444,quis turpis eget elit sodales scelerisque mauris sit amet eros suspendisse accumsan tortor quis turpis sed ante vivamus tortor duis,5,444,16
445,sem duis aliquam convallis nunc proin at turpis a pede posuere nonummy integer non velit donec diam neque,12,445,8
446,massa id nisl venenatis lacinia aenean sit amet justo morbi ut odio cras mi pede,9,446,19
447,sapien ut nunc vestibulum ante ipsum primis in faucibus orci luctus et ultrices posuere cubilia curae mauris viverra,2,447,1
448,augue quam sollicitudin vitae consectetuer eget rutrum at lorem integer tincidunt ante vel ipsum praesent blandit lacinia erat,18,448,3
449,pellentesque viverra pede ac diam cras pellentesque volutpat dui maecenas tristique est et tempus semper est quam,17,449,13
450,in libero ut massa volutpat convallis morbi odio odio elementum eu,11,450,6
451,purus aliquet at feugiat non pretium quis lectus suspendisse potenti in,11,451,16
452,viverra pede ac diam cras pellentesque volutpat dui maecenas tristique est et tempus semper est quam,1,452,14
453,nulla eget eros elementum pellentesque quisque porta volutpat erat quisque erat eros viverra eget congue eget semper rutrum nulla nunc,7,453,11
454,vestibulum ac est lacinia nisi venenatis tristique fusce congue diam id ornare imperdiet sapien urna,14,454,11
455,leo odio condimentum id luctus nec molestie sed justo pellentesque viverra pede ac,3,455,1
456,morbi ut odio cras mi pede malesuada in imperdiet et commodo,13,456,14
457,ultrices posuere cubilia curae donec pharetra magna vestibulum aliquet ultrices erat tortor sollicitudin mi sit amet lobortis sapien,13,457,10
458,pede posuere nonummy integer non velit donec diam neque vestibulum eget vulputate ut ultrices vel,8,458,13
459,ac leo pellentesque ultrices mattis odio donec vitae nisi nam ultrices libero,8,459,13
460,cursus vestibulum proin eu mi nulla ac enim in tempor,10,460,21
461,eget tempus vel pede morbi porttitor lorem id ligula suspendisse ornare consequat lectus in,3,461,14
462,amet eleifend pede libero quis orci nullam molestie nibh in lectus pellentesque,14,462,24
463,dolor sit amet consectetuer adipiscing elit proin interdum mauris non ligula pellentesque ultrices phasellus id,5,463,17
464,est et tempus semper est quam pharetra magna ac consequat metus sapien ut nunc vestibulum ante ipsum primis,13,464,15
465,erat nulla tempus vivamus in felis eu sapien cursus vestibulum proin eu mi nulla ac,14,465,11
466,vehicula condimentum curabitur in libero ut massa volutpat convallis morbi odio,14,466,11
467,donec pharetra magna vestibulum aliquet ultrices erat tortor sollicitudin mi,4,467,1
468,turpis eget elit sodales scelerisque mauris sit amet eros suspendisse accumsan tortor quis turpis sed ante vivamus tortor duis mattis,10,468,14
469,consequat dui nec nisi volutpat eleifend donec ut dolor morbi vel lectus in quam fringilla rhoncus mauris enim leo rhoncus,8,469,5
470,ut suscipit a feugiat et eros vestibulum ac est lacinia nisi venenatis tristique fusce congue,2,470,16
471,primis in faucibus orci luctus et ultrices posuere cubilia curae nulla dapibus dolor vel,18,471,2
472,nam dui proin leo odio porttitor id consequat in consequat,5,472,22
473,eget congue eget semper rutrum nulla nunc purus phasellus in felis donec semper sapien a libero,9,473,20
474,in leo maecenas pulvinar lobortis est phasellus sit amet erat nulla tempus vivamus in,10,474,6
475,pede morbi porttitor lorem id ligula suspendisse ornare consequat lectus,13,475,17
476,nibh quisque id justo sit amet sapien dignissim vestibulum vestibulum,14,476,15
477,proin leo odio porttitor id consequat in consequat ut nulla sed,7,477,6
478,pharetra magna ac consequat metus sapien ut nunc vestibulum ante ipsum primis in faucibus orci luctus et ultrices,12,478,25
479,aliquam erat volutpat in congue etiam justo etiam pretium iaculis justo in hac habitasse platea dictumst,3,479,19
480,non velit nec nisi vulputate nonummy maecenas tincidunt lacus at velit vivamus vel,16,480,10
481,pellentesque volutpat dui maecenas tristique est et tempus semper est quam pharetra magna ac,20,481,16
482,porta volutpat quam pede lobortis ligula sit amet eleifend pede libero quis orci nullam molestie nibh in,11,482,22
483,elit ac nulla sed vel enim sit amet nunc viverra dapibus nulla,10,483,2
484,libero quis orci nullam molestie nibh in lectus pellentesque at nulla suspendisse potenti cras in purus eu,13,484,5
485,sapien cum sociis natoque penatibus et magnis dis parturient montes nascetur,4,485,2
486,in imperdiet et commodo vulputate justo in blandit ultrices enim lorem ipsum dolor sit amet consectetuer adipiscing,9,486,13
487,id consequat in consequat ut nulla sed accumsan felis ut at dolor quis,12,487,20
488,pretium nisl ut volutpat sapien arcu sed augue aliquam erat volutpat in congue,1,488,20
489,mauris eget massa tempor convallis nulla neque libero convallis eget eleifend luctus ultricies eu nibh quisque id justo sit,14,489,4
490,ipsum integer a nibh in quis justo maecenas rhoncus aliquam,10,490,12
491,nulla suspendisse potenti cras in purus eu magna vulputate luctus,9,491,8
492,a ipsum integer a nibh in quis justo maecenas rhoncus aliquam lacus morbi quis tortor id nulla ultrices aliquet,5,492,4
493,morbi sem mauris laoreet ut rhoncus aliquet pulvinar sed nisl nunc rhoncus,4,493,16
494,congue etiam justo etiam pretium iaculis justo in hac habitasse,13,494,20
495,placerat ante nulla justo aliquam quis turpis eget elit sodales scelerisque mauris sit amet eros suspendisse accumsan tortor,18,495,7
496,ut odio cras mi pede malesuada in imperdiet et commodo vulputate justo in blandit ultrices,9,496,14
497,ac leo pellentesque ultrices mattis odio donec vitae nisi nam ultrices libero non mattis pulvinar nulla pede ullamcorper,14,497,13
498,sollicitudin mi sit amet lobortis sapien sapien non mi integer ac neque duis,20,498,21
499,quam nec dui luctus rutrum nulla tellus in sagittis dui vel nisl duis ac nibh fusce lacus purus aliquet,18,499,20
500,nam dui proin leo odio porttitor id consequat in consequat ut,8,500,20
501,neque aenean auctor gravida sem praesent id massa id nisl venenatis lacinia aenean sit amet justo morbi ut odio,16,501,20
502,at lorem integer tincidunt ante vel ipsum praesent blandit lacinia erat vestibulum sed magna at nunc commodo placerat praesent blandit,17,502,1
503,massa volutpat convallis morbi odio odio elementum eu interdum eu tincidunt in leo maecenas pulvinar lobortis est phasellus sit,20,503,13
504,erat vestibulum sed magna at nunc commodo placerat praesent blandit nam nulla integer pede justo,3,504,14
505,ut at dolor quis odio consequat varius integer ac leo pellentesque ultrices mattis odio donec vitae nisi nam ultrices,1,505,17
506,sit amet consectetuer adipiscing elit proin interdum mauris non ligula pellentesque ultrices phasellus id sapien in sapien iaculis,10,506,4
507,ac enim in tempor turpis nec euismod scelerisque quam turpis adipiscing lorem vitae mattis nibh ligula nec sem,19,507,16
508,placerat ante nulla justo aliquam quis turpis eget elit sodales scelerisque mauris sit amet eros suspendisse accumsan tortor quis,1,508,2
509,ultrices posuere cubilia curae nulla dapibus dolor vel est donec odio justo sollicitudin ut suscipit a feugiat,5,509,2
510,blandit mi in porttitor pede justo eu massa donec dapibus duis at velit,17,510,1
511,integer pede justo lacinia eget tincidunt eget tempus vel pede morbi porttitor lorem id ligula,2,511,23
512,mauris viverra diam vitae quam suspendisse potenti nullam porttitor lacus at turpis donec posuere metus vitae,1,512,21
513,ipsum dolor sit amet consectetuer adipiscing elit proin risus praesent lectus vestibulum quam sapien varius,17,513,14
514,sit amet lobortis sapien sapien non mi integer ac neque duis bibendum morbi non quam nec dui luctus,9,514,21
515,lobortis sapien sapien non mi integer ac neque duis bibendum morbi non quam nec dui luctus rutrum nulla tellus in,2,515,22
516,bibendum morbi non quam nec dui luctus rutrum nulla tellus in sagittis dui vel nisl duis ac,20,516,3
517,et magnis dis parturient montes nascetur ridiculus mus etiam vel,12,517,9
518,quis odio consequat varius integer ac leo pellentesque ultrices mattis odio donec vitae nisi nam ultrices libero non,9,518,20
519,lorem quisque ut erat curabitur gravida nisi at nibh in hac habitasse platea dictumst aliquam augue quam,20,519,3
520,faucibus accumsan odio curabitur convallis duis consequat dui nec nisi volutpat eleifend donec ut dolor morbi vel,5,520,14
521,sapien quis libero nullam sit amet turpis elementum ligula vehicula consequat morbi a ipsum integer a nibh in quis justo,12,521,4
522,ac tellus semper interdum mauris ullamcorper purus sit amet nulla quisque arcu libero,2,522,8
523,scelerisque mauris sit amet eros suspendisse accumsan tortor quis turpis sed ante vivamus tortor duis mattis egestas,17,523,20
524,dolor sit amet consectetuer adipiscing elit proin risus praesent lectus vestibulum quam sapien,20,524,20
525,eros vestibulum ac est lacinia nisi venenatis tristique fusce congue diam id,1,525,9
526,erat tortor sollicitudin mi sit amet lobortis sapien sapien non mi integer ac neque duis bibendum morbi non quam nec,16,526,19
527,tincidunt ante vel ipsum praesent blandit lacinia erat vestibulum sed magna at nunc commodo,11,527,13
528,nullam porttitor lacus at turpis donec posuere metus vitae ipsum aliquam non mauris morbi non,8,528,10
529,lacus morbi quis tortor id nulla ultrices aliquet maecenas leo odio condimentum id luctus nec molestie sed justo pellentesque,18,529,2
530,turpis donec posuere metus vitae ipsum aliquam non mauris morbi non lectus aliquam sit amet diam in,1,530,16
531,metus arcu adipiscing molestie hendrerit at vulputate vitae nisl aenean lectus pellentesque eget nunc donec quis orci eget orci vehicula,20,531,24
532,congue vivamus metus arcu adipiscing molestie hendrerit at vulputate vitae nisl aenean lectus pellentesque eget nunc,19,532,12
533,vestibulum ante ipsum primis in faucibus orci luctus et ultrices posuere cubilia,11,533,14
534,luctus nec molestie sed justo pellentesque viverra pede ac diam cras pellentesque,4,534,14
535,amet eleifend pede libero quis orci nullam molestie nibh in,14,535,9
536,ante ipsum primis in faucibus orci luctus et ultrices posuere cubilia curae,2,536,15
537,consequat dui nec nisi volutpat eleifend donec ut dolor morbi vel lectus in,5,537,4
538,in hac habitasse platea dictumst etiam faucibus cursus urna ut tellus nulla ut erat id mauris,20,538,20
539,eget eleifend luctus ultricies eu nibh quisque id justo sit amet sapien dignissim vestibulum vestibulum ante ipsum primis in faucibus,11,539,9
540,interdum mauris ullamcorper purus sit amet nulla quisque arcu libero,6,540,16
541,consequat varius integer ac leo pellentesque ultrices mattis odio donec,10,541,25
542,tincidunt eu felis fusce posuere felis sed lacus morbi sem mauris laoreet ut rhoncus aliquet,15,542,2
543,tempus vivamus in felis eu sapien cursus vestibulum proin eu mi,9,543,10
544,nisl nunc rhoncus dui vel sem sed sagittis nam congue risus semper,5,544,13
545,dictumst maecenas ut massa quis augue luctus tincidunt nulla mollis molestie lorem quisque,18,545,1
546,magnis dis parturient montes nascetur ridiculus mus vivamus vestibulum sagittis sapien cum sociis natoque penatibus et magnis dis parturient montes,3,546,3
547,enim leo rhoncus sed vestibulum sit amet cursus id turpis integer aliquet massa id lobortis,10,547,17
548,cubilia curae duis faucibus accumsan odio curabitur convallis duis consequat dui nec nisi volutpat,3,548,20
549,quam pede lobortis ligula sit amet eleifend pede libero quis orci nullam molestie nibh in lectus pellentesque at nulla suspendisse,12,549,8
550,parturient montes nascetur ridiculus mus vivamus vestibulum sagittis sapien cum sociis,7,550,11
551,posuere cubilia curae nulla dapibus dolor vel est donec odio justo sollicitudin ut suscipit a feugiat et,1,551,12
552,neque aenean auctor gravida sem praesent id massa id nisl venenatis lacinia aenean sit amet justo morbi ut,4,552,8
553,blandit non interdum in ante vestibulum ante ipsum primis in faucibus orci luctus,11,553,19
554,vestibulum velit id pretium iaculis diam erat fermentum justo nec condimentum neque,4,554,18
555,cum sociis natoque penatibus et magnis dis parturient montes nascetur ridiculus mus,8,555,23
556,dui luctus rutrum nulla tellus in sagittis dui vel nisl duis ac nibh,14,556,8
557,id pretium iaculis diam erat fermentum justo nec condimentum neque sapien placerat ante nulla justo aliquam quis turpis eget elit,4,557,7
558,amet cursus id turpis integer aliquet massa id lobortis convallis tortor risus dapibus augue vel accumsan tellus nisi eu orci,4,558,20
559,morbi vestibulum velit id pretium iaculis diam erat fermentum justo nec condimentum neque sapien placerat ante nulla justo aliquam quis,12,559,10
560,convallis eget eleifend luctus ultricies eu nibh quisque id justo sit amet sapien dignissim vestibulum,16,560,21
561,aenean lectus pellentesque eget nunc donec quis orci eget orci vehicula condimentum curabitur in libero ut,11,561,19
562,at nibh in hac habitasse platea dictumst aliquam augue quam sollicitudin vitae consectetuer eget rutrum at lorem integer tincidunt ante,17,562,11
563,eget eleifend luctus ultricies eu nibh quisque id justo sit amet sapien,20,563,1
564,hac habitasse platea dictumst aliquam augue quam sollicitudin vitae consectetuer eget rutrum at lorem integer tincidunt ante vel ipsum,19,564,3
565,mattis egestas metus aenean fermentum donec ut mauris eget massa tempor convallis nulla neque libero,6,565,23
566,congue risus semper porta volutpat quam pede lobortis ligula sit amet eleifend pede,4,566,14
567,fusce congue diam id ornare imperdiet sapien urna pretium nisl ut volutpat sapien arcu sed augue aliquam erat volutpat,13,567,1
568,habitasse platea dictumst maecenas ut massa quis augue luctus tincidunt nulla mollis molestie lorem quisque ut erat curabitur gravida,5,568,4
569,pulvinar sed nisl nunc rhoncus dui vel sem sed sagittis nam congue risus semper porta volutpat,1,569,24
570,ipsum primis in faucibus orci luctus et ultrices posuere cubilia curae donec pharetra magna,10,570,17
571,ut mauris eget massa tempor convallis nulla neque libero convallis eget eleifend luctus ultricies eu nibh quisque,19,571,12
572,non quam nec dui luctus rutrum nulla tellus in sagittis dui vel nisl duis,11,572,20
573,morbi quis tortor id nulla ultrices aliquet maecenas leo odio condimentum id luctus nec molestie sed justo pellentesque viverra pede,14,573,16
574,justo morbi ut odio cras mi pede malesuada in imperdiet et commodo vulputate justo in blandit,14,574,1
575,congue eget semper rutrum nulla nunc purus phasellus in felis donec semper sapien a,9,575,2
576,metus sapien ut nunc vestibulum ante ipsum primis in faucibus orci luctus et,19,576,4
577,mattis nibh ligula nec sem duis aliquam convallis nunc proin at turpis a pede posuere nonummy integer,10,577,25
578,justo morbi ut odio cras mi pede malesuada in imperdiet et commodo vulputate justo in,6,578,24
579,suspendisse accumsan tortor quis turpis sed ante vivamus tortor duis mattis egestas metus aenean,1,579,11
580,ipsum ac tellus semper interdum mauris ullamcorper purus sit amet nulla quisque arcu libero rutrum ac lobortis vel,17,580,20
581,justo in blandit ultrices enim lorem ipsum dolor sit amet consectetuer adipiscing elit proin interdum mauris non ligula,18,581,19
582,sollicitudin ut suscipit a feugiat et eros vestibulum ac est lacinia nisi,18,582,22
583,faucibus orci luctus et ultrices posuere cubilia curae donec pharetra magna vestibulum aliquet ultrices erat,16,583,2
584,suspendisse accumsan tortor quis turpis sed ante vivamus tortor duis,2,584,16
585,dis parturient montes nascetur ridiculus mus etiam vel augue vestibulum rutrum rutrum neque aenean auctor,8,585,16
586,posuere cubilia curae mauris viverra diam vitae quam suspendisse potenti nullam,6,586,3
587,ligula sit amet eleifend pede libero quis orci nullam molestie nibh in lectus pellentesque at nulla suspendisse potenti cras in,10,587,25
588,rhoncus sed vestibulum sit amet cursus id turpis integer aliquet massa,10,588,15
589,rhoncus aliquet pulvinar sed nisl nunc rhoncus dui vel sem sed sagittis nam congue risus semper,12,589,25
590,sit amet justo morbi ut odio cras mi pede malesuada in,4,590,1
591,leo pellentesque ultrices mattis odio donec vitae nisi nam ultrices libero non,20,591,4
592,donec dapibus duis at velit eu est congue elementum in hac habitasse platea dictumst morbi vestibulum velit id pretium,11,592,22
593,interdum mauris non ligula pellentesque ultrices phasellus id sapien in sapien iaculis congue vivamus metus arcu adipiscing,10,593,9
594,maecenas ut massa quis augue luctus tincidunt nulla mollis molestie lorem quisque ut erat curabitur,6,594,1
595,tincidunt eu felis fusce posuere felis sed lacus morbi sem mauris laoreet ut rhoncus aliquet pulvinar,7,595,19
596,justo sit amet sapien dignissim vestibulum vestibulum ante ipsum primis in faucibus orci luctus et,19,596,6
597,eros suspendisse accumsan tortor quis turpis sed ante vivamus tortor duis mattis egestas metus aenean fermentum donec,18,597,4
598,pulvinar nulla pede ullamcorper augue a suscipit nulla elit ac nulla sed vel enim,20,598,19
599,quam pharetra magna ac consequat metus sapien ut nunc vestibulum,7,599,15
600,bibendum morbi non quam nec dui luctus rutrum nulla tellus in sagittis dui vel nisl duis ac nibh fusce lacus,4,600,2
601,in leo maecenas pulvinar lobortis est phasellus sit amet erat nulla tempus vivamus in felis eu sapien cursus vestibulum,14,601,21
602,lacinia eget tincidunt eget tempus vel pede morbi porttitor lorem id ligula suspendisse ornare consequat lectus in,7,602,24
603,a libero nam dui proin leo odio porttitor id consequat in consequat,4,603,9
604,dolor morbi vel lectus in quam fringilla rhoncus mauris enim leo rhoncus sed vestibulum sit amet cursus id turpis,15,604,20
605,congue risus semper porta volutpat quam pede lobortis ligula sit amet eleifend pede libero quis orci,20,605,17
606,mauris morbi non lectus aliquam sit amet diam in magna bibendum imperdiet nullam orci pede venenatis non sodales,9,606,21
607,vel enim sit amet nunc viverra dapibus nulla suscipit ligula in lacus,15,607,7
608,accumsan tellus nisi eu orci mauris lacinia sapien quis libero nullam sit amet turpis elementum ligula vehicula consequat morbi,19,608,6
609,consequat varius integer ac leo pellentesque ultrices mattis odio donec vitae nisi nam ultrices libero non mattis,8,609,3
610,lobortis est phasellus sit amet erat nulla tempus vivamus in felis,10,610,13
611,urna ut tellus nulla ut erat id mauris vulputate elementum nullam varius,19,611,14
612,mauris ullamcorper purus sit amet nulla quisque arcu libero rutrum ac lobortis vel dapibus at diam,7,612,24
613,ultrices posuere cubilia curae mauris viverra diam vitae quam suspendisse potenti nullam porttitor lacus at,7,613,1
614,quisque erat eros viverra eget congue eget semper rutrum nulla nunc purus phasellus,17,614,8
615,neque sapien placerat ante nulla justo aliquam quis turpis eget,18,615,15
616,bibendum imperdiet nullam orci pede venenatis non sodales sed tincidunt eu felis fusce posuere felis sed lacus morbi sem,18,616,6
617,cursus urna ut tellus nulla ut erat id mauris vulputate elementum nullam varius nulla facilisi cras non velit nec,7,617,14
618,sollicitudin ut suscipit a feugiat et eros vestibulum ac est lacinia nisi venenatis tristique fusce congue diam id ornare,4,618,18
619,erat nulla tempus vivamus in felis eu sapien cursus vestibulum proin eu mi nulla ac,14,619,12
620,sit amet consectetuer adipiscing elit proin interdum mauris non ligula pellentesque ultrices phasellus id sapien in sapien iaculis congue vivamus,12,620,1
621,et ultrices posuere cubilia curae duis faucibus accumsan odio curabitur convallis duis consequat dui nec nisi volutpat,9,621,2
622,nisi venenatis tristique fusce congue diam id ornare imperdiet sapien urna pretium nisl ut volutpat sapien arcu sed augue aliquam,19,622,20
623,mus etiam vel augue vestibulum rutrum rutrum neque aenean auctor gravida sem,18,623,10
624,aliquam lacus morbi quis tortor id nulla ultrices aliquet maecenas leo,14,624,15
625,sapien sapien non mi integer ac neque duis bibendum morbi non quam nec dui luctus rutrum nulla tellus,8,625,17
626,dictumst aliquam augue quam sollicitudin vitae consectetuer eget rutrum at lorem integer tincidunt ante vel ipsum praesent blandit lacinia erat,3,626,9
627,vestibulum ante ipsum primis in faucibus orci luctus et ultrices posuere cubilia curae mauris viverra diam vitae quam suspendisse potenti,19,627,14
628,nisi volutpat eleifend donec ut dolor morbi vel lectus in quam fringilla rhoncus mauris enim,3,628,4
629,cubilia curae duis faucibus accumsan odio curabitur convallis duis consequat dui nec nisi,20,629,13
630,odio donec vitae nisi nam ultrices libero non mattis pulvinar nulla pede ullamcorper augue a suscipit,13,630,16
631,morbi non lectus aliquam sit amet diam in magna bibendum imperdiet nullam,4,631,22
632,at ipsum ac tellus semper interdum mauris ullamcorper purus sit amet nulla quisque arcu libero rutrum ac lobortis,14,632,19
633,adipiscing elit proin risus praesent lectus vestibulum quam sapien varius ut blandit non,6,633,17
634,lectus pellentesque at nulla suspendisse potenti cras in purus eu magna vulputate luctus,16,634,2
635,diam cras pellentesque volutpat dui maecenas tristique est et tempus semper est,16,635,11
636,diam in magna bibendum imperdiet nullam orci pede venenatis non sodales sed tincidunt eu,15,636,1
637,blandit mi in porttitor pede justo eu massa donec dapibus duis at velit eu,4,637,12
