1,1,84,blandit ultrices enim lorem ipsum dolor sit amet consectetuer adipiscing elit proin,2017-05-03 21:36:50,6
2,2,6,vestibulum ante ipsum primis in faucibus orci luctus et ultrices posuere cubilia curae nulla dapibus dolor vel est donec odio,2017-08-06 23:34:15,1
3,3,49,amet justo morbi ut odio cras mi pede malesuada in imperdiet et commodo vulputate justo in blandit ultrices,2018-01-23 01:17:38,6
4,4,87,praesent blandit nam nulla integer pede justo lacinia eget tincidunt eget tempus vel pede morbi porttitor lorem id ligula suspendisse,2018-02-07 09:33:54,1
5,5,71,non velit donec diam neque vestibulum eget vulputate ut ultrices vel augue vestibulum ante ipsum primis in faucibus,2017-02-18 20:35:33,9
6,6,99,odio porttitor id consequat in consequat ut nulla sed accumsan felis ut at dolor,2017-09-29 09:38:09,2
7,7,22,mi in porttitor pede justo eu massa donec dapibus duis at velit eu est congue elementum in hac habitasse,2017-03-27 17:28:14,5
8,8,53,risus semper porta volutpat quam pede lobortis ligula sit amet eleifend pede libero quis orci,2017-10-04 21:25:14,7
9,9,18,eleifend luctus ultricies eu nibh quisque id justo sit amet sapien,2017-02-23 13:10:38,7
10,10,15,non mattis pulvinar nulla pede ullamcorper augue a suscipit nulla elit ac,2017-09-28 21:50:56,1
11,11,49,adipiscing elit proin risus praesent lectus vestibulum quam sapien varius ut blandit non interdum,2017-10-23 00:27:15,1
12,12,21,aliquet pulvinar sed nisl nunc rhoncus dui vel sem sed sagittis nam congue risus semper porta volutpat quam,2017-03-18 16:55:33,7
13,13,73,turpis eget elit sodales scelerisque mauris sit amet eros suspendisse accumsan tortor quis turpis sed ante vivamus tortor duis mattis,2017-05-16 13:39:10,8
14,14,90,fringilla rhoncus mauris enim leo rhoncus sed vestibulum sit amet cursus id,2017-02-28 00:36:41,7
15,15,4,massa id nisl venenatis lacinia aenean sit amet justo morbi ut odio cras mi pede,2017-02-28 02:21:39,2
16,16,54,nulla neque libero convallis eget eleifend luctus ultricies eu nibh quisque id justo sit amet sapien,2017-11-17 04:30:31,8
17,17,47,ipsum integer a nibh in quis justo maecenas rhoncus aliquam lacus,2017-03-25 21:34:55,3
18,18,55,sit amet erat nulla tempus vivamus in felis eu sapien cursus vestibulum proin eu,2017-09-03 18:52:11,8
19,19,35,vestibulum sed magna at nunc commodo placerat praesent blandit nam nulla integer pede justo lacinia eget,2017-10-30 14:27:21,4
20,20,24,non quam nec dui luctus rutrum nulla tellus in sagittis dui,2017-02-13 23:16:07,8
21,21,52,condimentum neque sapien placerat ante nulla justo aliquam quis turpis eget,2017-04-06 21:32:38,7
22,22,24,sed interdum venenatis turpis enim blandit mi in porttitor pede,2017-09-17 18:15:04,5
23,23,66,in hac habitasse platea dictumst aliquam augue quam sollicitudin vitae consectetuer eget rutrum at,2018-02-07 00:52:40,5
24,24,41,a suscipit nulla elit ac nulla sed vel enim sit amet nunc,2017-05-06 06:55:20,6
25,25,57,volutpat sapien arcu sed augue aliquam erat volutpat in congue,2017-03-09 19:29:39,1
26,26,46,libero ut massa volutpat convallis morbi odio odio elementum eu interdum eu,2017-10-30 00:03:41,1
27,27,58,dui vel sem sed sagittis nam congue risus semper porta,2017-06-04 20:31:08,9
28,28,49,lectus pellentesque eget nunc donec quis orci eget orci vehicula condimentum curabitur in libero ut massa volutpat convallis morbi,2018-02-05 21:29:52,5
29,29,4,ultrices posuere cubilia curae nulla dapibus dolor vel est donec odio justo,2017-11-10 18:10:57,9
30,30,41,sapien cum sociis natoque penatibus et magnis dis parturient montes nascetur ridiculus,2018-01-08 02:45:47,8
31,31,18,tortor sollicitudin mi sit amet lobortis sapien sapien non mi integer ac neque duis bibendum morbi non quam nec dui,2017-11-17 23:32:43,8
32,32,53,ante vivamus tortor duis mattis egestas metus aenean fermentum donec ut mauris eget massa tempor,2017-10-01 17:38:22,7
33,33,84,lectus pellentesque at nulla suspendisse potenti cras in purus eu,2017-10-26 14:55:40,7
34,34,76,sapien placerat ante nulla justo aliquam quis turpis eget elit,2017-10-14 23:49:52,3
35,35,37,vel augue vestibulum rutrum rutrum neque aenean auctor gravida sem praesent id massa,2017-11-11 13:36:07,5
36,36,41,dapibus augue vel accumsan tellus nisi eu orci mauris lacinia sapien quis,2017-03-01 19:33:07,8
37,37,42,orci luctus et ultrices posuere cubilia curae mauris viverra diam vitae,2017-07-25 23:39:14,7
38,38,16,consequat in consequat ut nulla sed accumsan felis ut at dolor quis odio consequat varius integer ac,2017-10-11 10:36:30,2
39,39,32,est lacinia nisi venenatis tristique fusce congue diam id ornare imperdiet,2017-08-10 12:17:05,2
40,40,87,ultrices erat tortor sollicitudin mi sit amet lobortis sapien sapien non mi integer ac neque duis bibendum morbi non,2018-01-05 07:14:04,8
41,41,99,tempus semper est quam pharetra magna ac consequat metus sapien ut nunc vestibulum ante ipsum primis in faucibus orci,2017-09-12 12:22:57,3
42,42,70,ut mauris eget massa tempor convallis nulla neque libero convallis eget eleifend luctus ultricies,2017-05-04 02:11:02,4
43,43,98,justo maecenas rhoncus aliquam lacus morbi quis tortor id nulla ultrices aliquet maecenas leo,2017-12-28 01:09:33,2
44,44,69,montes nascetur ridiculus mus etiam vel augue vestibulum rutrum rutrum neque aenean auctor gravida sem praesent,2017-04-12 14:47:04,4
45,45,32,congue etiam justo etiam pretium iaculis justo in hac habitasse platea dictumst etiam faucibus cursus urna ut,2017-09-27 20:26:14,8
46,46,21,ante vestibulum ante ipsum primis in faucibus orci luctus et ultrices posuere cubilia curae duis,2017-06-02 07:54:40,9
47,47,99,nisi venenatis tristique fusce congue diam id ornare imperdiet sapien urna,2017-07-14 08:49:38,5
48,48,17,eget semper rutrum nulla nunc purus phasellus in felis donec semper sapien a libero nam dui proin leo,2017-09-12 00:58:19,7
49,49,35,congue etiam justo etiam pretium iaculis justo in hac habitasse platea dictumst etiam faucibus cursus,2017-09-06 08:15:15,3
50,50,59,eleifend quam a odio in hac habitasse platea dictumst maecenas ut massa quis augue luctus tincidunt nulla mollis molestie lorem,2017-10-04 04:39:38,6
51,51,91,vivamus metus arcu adipiscing molestie hendrerit at vulputate vitae nisl,2018-01-20 10:17:15,9
52,52,87,cursus id turpis integer aliquet massa id lobortis convallis tortor risus dapibus augue,2017-02-22 18:58:29,3
53,53,82,platea dictumst aliquam augue quam sollicitudin vitae consectetuer eget rutrum,2017-08-20 22:42:19,9
54,54,67,accumsan tellus nisi eu orci mauris lacinia sapien quis libero nullam sit amet turpis elementum ligula vehicula consequat,2017-05-10 10:42:32,1
55,55,60,at vulputate vitae nisl aenean lectus pellentesque eget nunc donec quis orci eget orci vehicula condimentum curabitur,2017-04-05 12:01:02,5
56,56,96,vestibulum velit id pretium iaculis diam erat fermentum justo nec condimentum neque sapien placerat ante nulla justo aliquam quis,2017-11-12 21:34:23,5
57,57,2,ultrices posuere cubilia curae duis faucibus accumsan odio curabitur convallis,2017-08-12 12:52:02,5
58,58,70,turpis nec euismod scelerisque quam turpis adipiscing lorem vitae mattis nibh,2017-02-17 02:13:00,7
59,59,80,urna pretium nisl ut volutpat sapien arcu sed augue aliquam erat volutpat in congue etiam justo etiam pretium iaculis,2017-05-15 04:36:30,2
60,60,27,magna bibendum imperdiet nullam orci pede venenatis non sodales sed tincidunt eu felis fusce posuere felis sed lacus,2018-02-03 04:56:39,2
61,61,7,eget eros elementum pellentesque quisque porta volutpat erat quisque erat eros viverra eget congue eget semper,2017-10-12 04:52:31,4
62,62,26,rhoncus aliquet pulvinar sed nisl nunc rhoncus dui vel sem sed sagittis,2017-03-16 11:16:23,6
63,63,88,dictumst etiam faucibus cursus urna ut tellus nulla ut erat,2017-07-21 15:20:55,6
64,64,83,ac neque duis bibendum morbi non quam nec dui luctus rutrum nulla tellus in sagittis dui vel,2018-02-02 13:02:11,5
65,65,95,eget elit sodales scelerisque mauris sit amet eros suspendisse accumsan tortor quis turpis sed ante vivamus tortor,2017-04-27 23:42:41,9
66,66,40,augue vestibulum rutrum rutrum neque aenean auctor gravida sem praesent id massa id nisl venenatis lacinia,2017-04-07 19:18:30,1
67,67,95,nulla dapibus dolor vel est donec odio justo sollicitudin ut suscipit a feugiat et eros vestibulum ac est,2017-08-18 15:30:16,3
68,68,70,volutpat in congue etiam justo etiam pretium iaculis justo in hac,2017-10-26 12:48:59,3
69,69,4,nibh in lectus pellentesque at nulla suspendisse potenti cras in purus eu,2017-06-17 12:50:41,7
70,70,78,rhoncus dui vel sem sed sagittis nam congue risus semper porta volutpat quam pede lobortis ligula sit amet,2017-03-05 13:23:41,2
71,71,37,sem praesent id massa id nisl venenatis lacinia aenean sit,2017-12-28 08:22:33,4
72,72,22,volutpat dui maecenas tristique est et tempus semper est quam,2017-07-19 00:36:10,8
73,73,66,odio porttitor id consequat in consequat ut nulla sed accumsan felis ut at dolor quis odio consequat,2017-02-20 13:01:20,4
74,74,94,pharetra magna vestibulum aliquet ultrices erat tortor sollicitudin mi sit amet,2017-09-02 14:11:31,2
75,75,88,dolor sit amet consectetuer adipiscing elit proin risus praesent lectus vestibulum quam sapien varius ut blandit non interdum,2017-05-23 22:07:07,1
76,76,4,non mi integer ac neque duis bibendum morbi non quam nec,2017-09-10 18:08:31,7
77,77,35,nonummy integer non velit donec diam neque vestibulum eget vulputate ut ultrices vel augue,2017-11-21 19:48:58,4
78,78,90,bibendum imperdiet nullam orci pede venenatis non sodales sed tincidunt eu felis fusce posuere felis sed lacus morbi sem,2017-05-09 15:38:24,8
79,79,30,a nibh in quis justo maecenas rhoncus aliquam lacus morbi quis tortor id nulla,2017-09-20 05:49:49,5
80,80,67,consectetuer adipiscing elit proin interdum mauris non ligula pellentesque ultrices phasellus id sapien in sapien,2017-12-25 04:19:53,1
81,81,21,amet cursus id turpis integer aliquet massa id lobortis convallis,2017-12-23 21:34:07,6
82,82,85,donec ut dolor morbi vel lectus in quam fringilla rhoncus mauris enim leo rhoncus sed vestibulum sit,2017-06-24 06:38:40,6
83,83,4,amet justo morbi ut odio cras mi pede malesuada in imperdiet et commodo vulputate justo,2017-08-01 20:28:43,8
84,84,58,rhoncus aliquam lacus morbi quis tortor id nulla ultrices aliquet maecenas,2017-07-02 05:47:37,8
85,85,59,nullam varius nulla facilisi cras non velit nec nisi vulputate nonummy maecenas tincidunt lacus,2017-04-04 05:25:12,8
86,86,50,tortor sollicitudin mi sit amet lobortis sapien sapien non mi integer ac neque duis bibendum morbi non quam nec dui,2017-06-08 23:02:25,4
87,87,36,id justo sit amet sapien dignissim vestibulum vestibulum ante ipsum primis in faucibus orci luctus et ultrices posuere cubilia,2017-03-31 06:59:59,3
88,88,52,pulvinar sed nisl nunc rhoncus dui vel sem sed sagittis nam,2017-12-08 01:07:51,4
89,89,66,sapien iaculis congue vivamus metus arcu adipiscing molestie hendrerit at vulputate vitae nisl aenean lectus pellentesque eget,2017-06-25 11:58:51,7
90,90,79,quis justo maecenas rhoncus aliquam lacus morbi quis tortor id nulla ultrices aliquet maecenas leo odio condimentum id,2017-11-13 06:08:47,9
91,91,65,sem mauris laoreet ut rhoncus aliquet pulvinar sed nisl nunc rhoncus dui vel sem sed sagittis nam congue,2017-11-08 06:52:46,9
92,92,3,rutrum nulla nunc purus phasellus in felis donec semper sapien a libero nam dui proin leo odio,2017-03-30 17:07:31,3
93,93,15,viverra diam vitae quam suspendisse potenti nullam porttitor lacus at turpis donec posuere metus,2017-06-13 19:12:33,7
94,94,10,vestibulum ac est lacinia nisi venenatis tristique fusce congue diam id ornare imperdiet sapien urna,2017-08-21 16:34:12,7
95,95,7,cursus vestibulum proin eu mi nulla ac enim in tempor turpis nec euismod scelerisque quam turpis adipiscing lorem vitae,2017-10-07 08:51:07,2
96,96,57,lectus pellentesque at nulla suspendisse potenti cras in purus eu magna vulputate luctus cum sociis natoque penatibus et magnis dis,2018-01-13 03:41:55,5
97,97,67,in lectus pellentesque at nulla suspendisse potenti cras in purus eu,2017-02-19 16:59:05,7
98,98,38,at lorem integer tincidunt ante vel ipsum praesent blandit lacinia erat vestibulum,2017-03-10 13:50:27,3
99,99,68,primis in faucibus orci luctus et ultrices posuere cubilia curae donec pharetra,2017-08-05 19:37:29,2
100,100,50,mauris sit amet eros suspendisse accumsan tortor quis turpis sed ante vivamus tortor duis,2017-07-13 23:09:19,4
101,101,18,vestibulum ante ipsum primis in faucibus orci luctus et ultrices posuere,2017-09-10 02:29:10,5
102,102,11,rutrum neque aenean auctor gravida sem praesent id massa id nisl venenatis lacinia,2017-11-05 09:54:09,4
103,103,47,quam pharetra magna ac consequat metus sapien ut nunc vestibulum,2017-10-12 13:47:28,1
104,104,77,potenti in eleifend quam a odio in hac habitasse platea dictumst maecenas ut massa quis augue luctus tincidunt nulla,2017-06-27 15:29:17,4
105,105,51,integer ac neque duis bibendum morbi non quam nec dui,2017-05-08 06:09:41,7
106,106,30,praesent blandit nam nulla integer pede justo lacinia eget tincidunt eget tempus vel pede morbi porttitor,2017-03-31 15:29:46,7
107,107,20,leo odio condimentum id luctus nec molestie sed justo pellentesque viverra pede ac diam cras pellentesque volutpat dui maecenas tristique,2017-03-03 18:02:23,9
108,108,49,aenean sit amet justo morbi ut odio cras mi pede malesuada in imperdiet et commodo vulputate justo in blandit,2017-02-24 22:07:05,6
109,109,24,duis consequat dui nec nisi volutpat eleifend donec ut dolor morbi vel lectus,2017-03-24 10:37:42,4
110,110,27,duis faucibus accumsan odio curabitur convallis duis consequat dui nec nisi,2017-12-19 17:33:31,3
111,111,21,curae donec pharetra magna vestibulum aliquet ultrices erat tortor sollicitudin mi sit amet lobortis sapien sapien non mi integer,2017-12-16 18:12:50,7
112,112,22,curabitur in libero ut massa volutpat convallis morbi odio odio elementum,2017-12-31 23:19:40,5
113,113,66,magna ac consequat metus sapien ut nunc vestibulum ante ipsum primis in faucibus orci,2017-09-09 07:42:15,7
114,114,14,integer a nibh in quis justo maecenas rhoncus aliquam lacus morbi quis tortor id nulla ultrices,2017-08-08 03:13:25,9
115,115,16,congue risus semper porta volutpat quam pede lobortis ligula sit amet eleifend pede libero quis orci,2017-07-24 02:22:05,4
116,116,86,rutrum neque aenean auctor gravida sem praesent id massa id nisl venenatis lacinia aenean sit,2017-04-25 05:56:06,1
117,117,85,neque duis bibendum morbi non quam nec dui luctus rutrum nulla tellus in sagittis dui vel nisl,2017-08-04 18:20:23,7
118,118,50,aliquet at feugiat non pretium quis lectus suspendisse potenti in eleifend quam a,2017-10-11 03:37:18,8
119,119,11,in sapien iaculis congue vivamus metus arcu adipiscing molestie hendrerit at vulputate,2017-11-24 10:40:07,9
120,120,78,lobortis sapien sapien non mi integer ac neque duis bibendum morbi non quam nec,2017-12-29 06:08:30,6
121,121,84,ligula suspendisse ornare consequat lectus in est risus auctor sed tristique,2017-12-22 23:09:51,1
122,122,33,in hac habitasse platea dictumst maecenas ut massa quis augue luctus tincidunt nulla mollis molestie lorem,2017-11-14 09:09:29,4
123,123,83,non lectus aliquam sit amet diam in magna bibendum imperdiet nullam orci pede venenatis non sodales sed tincidunt eu,2017-03-15 06:28:40,4
124,124,38,tellus in sagittis dui vel nisl duis ac nibh fusce lacus purus aliquet at feugiat non pretium quis lectus,2017-10-17 20:40:03,6
125,125,26,consequat ut nulla sed accumsan felis ut at dolor quis,2017-07-07 01:12:38,6
126,126,7,primis in faucibus orci luctus et ultrices posuere cubilia curae donec pharetra magna,2017-04-01 12:45:10,3
127,127,96,potenti in eleifend quam a odio in hac habitasse platea dictumst maecenas ut massa quis augue luctus tincidunt nulla,2017-12-17 09:46:32,1
128,128,91,felis sed lacus morbi sem mauris laoreet ut rhoncus aliquet pulvinar sed nisl nunc rhoncus dui vel sem,2017-07-13 02:28:02,9
129,129,79,proin interdum mauris non ligula pellentesque ultrices phasellus id sapien in sapien iaculis congue vivamus metus arcu adipiscing molestie hendrerit,2017-12-04 12:29:47,7
130,130,19,in blandit ultrices enim lorem ipsum dolor sit amet consectetuer adipiscing elit,2018-01-17 19:41:45,3
131,131,8,tincidunt lacus at velit vivamus vel nulla eget eros elementum pellentesque quisque porta volutpat erat quisque erat,2017-10-02 20:45:36,3
132,132,29,nulla suscipit ligula in lacus curabitur at ipsum ac tellus semper interdum mauris ullamcorper purus sit amet,2017-09-10 02:53:03,5
133,133,27,lobortis est phasellus sit amet erat nulla tempus vivamus in felis eu sapien,2018-02-04 21:28:04,6
134,134,70,eu nibh quisque id justo sit amet sapien dignissim vestibulum vestibulum ante ipsum,2017-03-27 22:50:22,7
135,135,22,blandit nam nulla integer pede justo lacinia eget tincidunt eget tempus,2017-07-18 06:28:00,4
136,136,70,dui vel nisl duis ac nibh fusce lacus purus aliquet,2017-05-22 06:48:00,8
137,137,47,nisi venenatis tristique fusce congue diam id ornare imperdiet sapien urna pretium nisl ut volutpat,2017-10-15 08:35:50,1
138,138,60,ut erat curabitur gravida nisi at nibh in hac habitasse,2017-06-24 01:07:42,3
139,139,36,amet turpis elementum ligula vehicula consequat morbi a ipsum integer a nibh in quis justo maecenas rhoncus aliquam lacus,2017-02-18 05:03:51,2
140,140,23,ut erat id mauris vulputate elementum nullam varius nulla facilisi,2017-03-07 12:11:27,2
141,141,2,ultrices erat tortor sollicitudin mi sit amet lobortis sapien sapien non mi integer,2017-04-26 13:44:11,9
142,142,23,dolor sit amet consectetuer adipiscing elit proin risus praesent lectus vestibulum quam,2018-01-31 04:58:58,2
143,143,48,et ultrices posuere cubilia curae duis faucibus accumsan odio curabitur convallis duis consequat dui nec nisi volutpat eleifend donec ut,2017-08-12 16:03:55,8
144,144,19,mauris viverra diam vitae quam suspendisse potenti nullam porttitor lacus at turpis donec posuere metus vitae,2017-11-27 14:10:28,1
145,145,77,suspendisse potenti cras in purus eu magna vulputate luctus cum sociis natoque penatibus,2018-01-10 01:22:08,5
146,146,23,faucibus orci luctus et ultrices posuere cubilia curae mauris viverra diam vitae quam suspendisse potenti,2017-05-31 13:31:12,6
147,147,72,metus aenean fermentum donec ut mauris eget massa tempor convallis,2017-11-05 21:20:39,4
148,148,76,egestas metus aenean fermentum donec ut mauris eget massa tempor convallis nulla neque libero convallis eget eleifend luctus ultricies eu,2017-09-30 04:26:45,6
149,149,71,nullam porttitor lacus at turpis donec posuere metus vitae ipsum aliquam non mauris morbi non lectus aliquam sit amet diam,2017-02-14 00:19:40,9
150,150,100,in hac habitasse platea dictumst morbi vestibulum velit id pretium iaculis,2017-09-09 16:48:12,6
151,151,98,auctor gravida sem praesent id massa id nisl venenatis lacinia aenean sit amet justo morbi ut odio cras,2018-01-21 17:31:25,9
152,152,26,vivamus vestibulum sagittis sapien cum sociis natoque penatibus et magnis dis parturient montes nascetur ridiculus mus etiam,2017-07-25 08:59:50,9
153,153,33,vulputate luctus cum sociis natoque penatibus et magnis dis parturient montes nascetur ridiculus mus vivamus vestibulum,2017-03-20 18:04:24,5
154,154,20,parturient montes nascetur ridiculus mus etiam vel augue vestibulum rutrum rutrum,2017-06-12 00:13:40,5
155,155,78,eget rutrum at lorem integer tincidunt ante vel ipsum praesent blandit lacinia,2017-06-02 16:52:15,3
156,156,13,quis orci eget orci vehicula condimentum curabitur in libero ut massa volutpat convallis morbi odio odio,2017-10-28 18:27:35,9
157,157,8,donec semper sapien a libero nam dui proin leo odio porttitor id consequat in consequat ut nulla sed accumsan,2017-03-19 16:00:47,3
158,158,62,ut rhoncus aliquet pulvinar sed nisl nunc rhoncus dui vel sem,2018-01-26 16:17:28,3
159,159,80,elit proin interdum mauris non ligula pellentesque ultrices phasellus id sapien in sapien iaculis congue vivamus metus arcu adipiscing,2018-01-27 04:30:12,2
160,160,13,id sapien in sapien iaculis congue vivamus metus arcu adipiscing molestie hendrerit at vulputate vitae nisl aenean lectus pellentesque,2017-12-21 05:44:36,6
161,161,70,sapien ut nunc vestibulum ante ipsum primis in faucibus orci luctus et ultrices posuere cubilia curae mauris viverra,2017-09-15 07:32:39,3
162,162,66,potenti cras in purus eu magna vulputate luctus cum sociis natoque penatibus et magnis dis parturient montes nascetur ridiculus mus,2017-06-08 11:00:19,3
163,163,65,fusce posuere felis sed lacus morbi sem mauris laoreet ut rhoncus aliquet pulvinar,2017-12-05 02:33:32,8
164,164,28,sed sagittis nam congue risus semper porta volutpat quam pede lobortis ligula sit amet eleifend pede libero quis,2017-02-24 20:22:11,8
165,165,15,eu nibh quisque id justo sit amet sapien dignissim vestibulum vestibulum ante ipsum,2017-11-17 01:45:52,7
166,166,31,vestibulum velit id pretium iaculis diam erat fermentum justo nec condimentum neque sapien placerat ante nulla justo aliquam,2017-08-22 17:27:28,5
167,167,72,dictumst etiam faucibus cursus urna ut tellus nulla ut erat,2017-11-09 14:15:04,2
168,168,92,platea dictumst morbi vestibulum velit id pretium iaculis diam erat fermentum justo nec condimentum neque sapien,2018-01-10 08:41:31,7
169,169,28,tellus in sagittis dui vel nisl duis ac nibh fusce lacus purus aliquet at feugiat,2017-09-02 18:31:06,6
170,170,38,fringilla rhoncus mauris enim leo rhoncus sed vestibulum sit amet,2018-02-03 13:26:19,5
171,171,56,sem duis aliquam convallis nunc proin at turpis a pede posuere nonummy integer non velit donec,2017-07-30 02:34:58,1
172,172,43,id nulla ultrices aliquet maecenas leo odio condimentum id luctus nec molestie sed justo pellentesque,2017-07-13 14:02:48,5
173,173,77,quis orci eget orci vehicula condimentum curabitur in libero ut,2017-07-12 12:24:34,6
174,174,45,semper porta volutpat quam pede lobortis ligula sit amet eleifend,2017-02-08 05:30:33,7
175,175,28,odio cras mi pede malesuada in imperdiet et commodo vulputate justo in blandit,2017-05-21 17:22:47,1
176,176,93,id massa id nisl venenatis lacinia aenean sit amet justo,2017-06-21 06:13:10,8
177,177,87,vestibulum eget vulputate ut ultrices vel augue vestibulum ante ipsum primis in faucibus orci luctus et ultrices,2017-07-12 15:44:28,6
178,178,26,molestie nibh in lectus pellentesque at nulla suspendisse potenti cras in purus eu magna vulputate luctus cum sociis natoque,2017-04-20 15:49:28,3
179,179,83,ultrices phasellus id sapien in sapien iaculis congue vivamus metus arcu adipiscing molestie hendrerit at vulputate,2017-09-08 17:44:52,2
180,180,78,nunc nisl duis bibendum felis sed interdum venenatis turpis enim blandit mi in porttitor,2017-11-10 13:25:45,2
181,181,78,cum sociis natoque penatibus et magnis dis parturient montes nascetur ridiculus mus etiam vel,2017-07-25 19:18:24,8
182,182,90,pede justo lacinia eget tincidunt eget tempus vel pede morbi porttitor lorem id ligula suspendisse ornare,2017-06-15 13:54:09,4
183,183,6,metus aenean fermentum donec ut mauris eget massa tempor convallis nulla neque libero convallis,2017-11-03 20:27:30,1
184,184,16,justo in hac habitasse platea dictumst etiam faucibus cursus urna,2017-09-12 04:07:02,9
185,185,26,pede posuere nonummy integer non velit donec diam neque vestibulum eget vulputate ut ultrices vel augue vestibulum ante ipsum primis,2017-05-24 05:12:15,9
186,186,5,vulputate justo in blandit ultrices enim lorem ipsum dolor sit amet,2018-01-15 18:06:21,2
187,187,48,ante nulla justo aliquam quis turpis eget elit sodales scelerisque mauris sit amet,2018-01-07 01:15:57,3
188,188,15,vulputate ut ultrices vel augue vestibulum ante ipsum primis in,2017-12-12 07:24:30,1
189,189,21,congue elementum in hac habitasse platea dictumst morbi vestibulum velit id pretium iaculis diam erat,2017-09-07 02:43:28,4
190,190,58,non sodales sed tincidunt eu felis fusce posuere felis sed lacus morbi sem mauris laoreet ut rhoncus aliquet pulvinar sed,2017-04-09 18:46:01,1
191,191,34,sapien a libero nam dui proin leo odio porttitor id consequat in consequat ut nulla sed accumsan felis,2017-05-20 04:16:46,7
192,192,69,nunc proin at turpis a pede posuere nonummy integer non velit donec diam neque vestibulum eget vulputate ut,2017-07-18 10:10:47,1
193,193,60,eget tincidunt eget tempus vel pede morbi porttitor lorem id ligula,2017-07-09 00:40:19,1
194,194,13,vestibulum ante ipsum primis in faucibus orci luctus et ultrices,2017-03-29 06:11:53,2
195,195,86,sed lacus morbi sem mauris laoreet ut rhoncus aliquet pulvinar sed nisl nunc rhoncus dui,2018-02-06 16:00:29,4
196,196,31,molestie sed justo pellentesque viverra pede ac diam cras pellentesque volutpat dui maecenas tristique est et tempus semper est,2017-07-06 13:55:49,9
197,197,13,sit amet justo morbi ut odio cras mi pede malesuada in imperdiet et commodo vulputate justo in blandit ultrices,2017-12-10 15:16:08,5
198,198,20,in blandit ultrices enim lorem ipsum dolor sit amet consectetuer adipiscing elit proin interdum mauris non,2017-07-12 06:31:40,4
199,199,8,massa tempor convallis nulla neque libero convallis eget eleifend luctus ultricies eu nibh quisque id justo sit,2017-04-29 08:34:05,1
200,200,40,in quis justo maecenas rhoncus aliquam lacus morbi quis tortor id nulla ultrices aliquet maecenas leo odio condimentum id luctus,2018-01-04 13:03:04,1
201,201,64,amet justo morbi ut odio cras mi pede malesuada in imperdiet et commodo vulputate justo,2017-11-15 14:13:31,8
202,202,27,ultrices posuere cubilia curae mauris viverra diam vitae quam suspendisse potenti nullam porttitor lacus at turpis donec posuere metus vitae,2017-04-21 06:25:29,1
203,203,63,lectus aliquam sit amet diam in magna bibendum imperdiet nullam,2017-12-05 17:59:27,5
204,204,97,faucibus orci luctus et ultrices posuere cubilia curae duis faucibus accumsan odio curabitur convallis duis consequat,2018-01-23 18:02:30,7
205,205,17,ipsum primis in faucibus orci luctus et ultrices posuere cubilia curae mauris viverra diam vitae quam,2017-11-05 14:41:54,1
206,206,17,ipsum dolor sit amet consectetuer adipiscing elit proin interdum mauris non ligula pellentesque ultrices phasellus id sapien in,2017-09-16 21:32:59,8
207,207,93,orci mauris lacinia sapien quis libero nullam sit amet turpis elementum ligula vehicula consequat morbi,2017-10-27 21:08:41,9
208,208,17,felis donec semper sapien a libero nam dui proin leo odio porttitor id consequat in consequat ut nulla,2017-04-27 00:30:39,8
209,209,52,sit amet eleifend pede libero quis orci nullam molestie nibh,2017-08-20 20:59:10,1
210,210,57,mattis egestas metus aenean fermentum donec ut mauris eget massa tempor convallis,2018-01-31 19:39:55,5
211,211,49,donec odio justo sollicitudin ut suscipit a feugiat et eros vestibulum,2017-09-14 13:46:10,9
212,212,99,aliquet at feugiat non pretium quis lectus suspendisse potenti in,2017-05-01 19:45:03,4
213,213,90,nibh in quis justo maecenas rhoncus aliquam lacus morbi quis tortor id nulla ultrices aliquet,2017-04-28 15:42:46,9
214,214,20,vel pede morbi porttitor lorem id ligula suspendisse ornare consequat,2017-12-26 15:40:10,4
215,215,61,id sapien in sapien iaculis congue vivamus metus arcu adipiscing molestie hendrerit at vulputate vitae nisl aenean lectus pellentesque,2017-04-22 03:31:14,9
216,216,65,bibendum morbi non quam nec dui luctus rutrum nulla tellus in sagittis dui vel nisl duis ac nibh,2017-09-08 05:16:08,2
217,217,49,hac habitasse platea dictumst maecenas ut massa quis augue luctus tincidunt nulla mollis molestie lorem quisque ut,2018-01-06 03:48:03,9
218,218,41,turpis donec posuere metus vitae ipsum aliquam non mauris morbi non lectus aliquam sit amet diam in magna,2017-05-09 18:10:18,2
219,219,87,sed interdum venenatis turpis enim blandit mi in porttitor pede justo eu massa donec dapibus duis at velit eu est,2017-04-05 05:35:54,7
220,220,64,metus vitae ipsum aliquam non mauris morbi non lectus aliquam sit amet diam in magna bibendum imperdiet,2017-12-01 00:45:59,7
221,221,4,commodo vulputate justo in blandit ultrices enim lorem ipsum dolor,2017-11-07 13:56:18,2
222,222,91,bibendum morbi non quam nec dui luctus rutrum nulla tellus in sagittis,2017-05-15 10:28:54,2
223,223,43,ullamcorper purus sit amet nulla quisque arcu libero rutrum ac lobortis vel dapibus at diam nam tristique tortor eu,2017-10-24 09:31:03,7
224,224,85,nulla suspendisse potenti cras in purus eu magna vulputate luctus cum sociis natoque penatibus et magnis,2017-02-10 17:15:53,3
225,225,47,bibendum felis sed interdum venenatis turpis enim blandit mi in porttitor pede,2017-04-27 03:44:14,3
226,226,95,natoque penatibus et magnis dis parturient montes nascetur ridiculus mus vivamus vestibulum,2018-01-29 06:55:01,6
227,227,56,amet eleifend pede libero quis orci nullam molestie nibh in lectus pellentesque at nulla suspendisse,2017-08-05 14:45:04,9
228,228,93,nibh quisque id justo sit amet sapien dignissim vestibulum vestibulum ante ipsum primis,2017-10-26 18:38:23,8
229,229,28,lacinia aenean sit amet justo morbi ut odio cras mi pede malesuada in imperdiet et commodo vulputate justo in,2017-09-27 10:34:50,9
230,230,12,id mauris vulputate elementum nullam varius nulla facilisi cras non velit nec nisi vulputate nonummy maecenas tincidunt lacus,2018-01-09 05:16:26,1
231,231,73,consectetuer adipiscing elit proin risus praesent lectus vestibulum quam sapien varius ut blandit non interdum,2018-01-07 12:15:36,3
232,232,6,vulputate justo in blandit ultrices enim lorem ipsum dolor sit,2017-04-19 21:02:58,8
233,233,18,integer ac neque duis bibendum morbi non quam nec dui luctus rutrum nulla tellus in sagittis dui,2017-11-23 20:39:38,8
234,234,37,id pretium iaculis diam erat fermentum justo nec condimentum neque sapien placerat ante nulla justo aliquam quis turpis eget elit,2017-11-18 00:50:09,6
235,235,28,est quam pharetra magna ac consequat metus sapien ut nunc vestibulum ante ipsum,2017-02-14 22:45:21,6
236,236,72,in faucibus orci luctus et ultrices posuere cubilia curae donec pharetra magna vestibulum aliquet ultrices,2018-01-16 21:09:47,6
237,237,51,consectetuer eget rutrum at lorem integer tincidunt ante vel ipsum praesent blandit lacinia erat vestibulum sed magna at nunc,2017-06-01 19:32:30,2
238,238,33,posuere cubilia curae mauris viverra diam vitae quam suspendisse potenti nullam porttitor lacus,2017-05-15 19:29:00,7
239,239,55,urna ut tellus nulla ut erat id mauris vulputate elementum,2017-09-06 21:52:49,5
240,240,14,neque aenean auctor gravida sem praesent id massa id nisl venenatis lacinia aenean,2017-04-03 19:04:30,9
241,241,65,turpis elementum ligula vehicula consequat morbi a ipsum integer a nibh in quis,2017-05-08 00:48:53,8
242,242,85,proin eu mi nulla ac enim in tempor turpis nec euismod scelerisque quam turpis adipiscing lorem,2017-03-23 20:24:12,7
243,243,92,turpis a pede posuere nonummy integer non velit donec diam neque vestibulum eget vulputate,2017-07-22 21:34:16,9
244,244,1,posuere metus vitae ipsum aliquam non mauris morbi non lectus aliquam sit amet diam in magna,2017-05-30 06:00:52,1
245,245,85,non mauris morbi non lectus aliquam sit amet diam in magna bibendum imperdiet nullam,2017-12-06 09:47:14,2
246,246,63,in eleifend quam a odio in hac habitasse platea dictumst maecenas,2017-07-07 09:27:10,2
247,247,13,orci eget orci vehicula condimentum curabitur in libero ut massa volutpat convallis morbi odio odio elementum eu interdum eu,2017-09-11 20:19:10,5
248,248,52,suspendisse ornare consequat lectus in est risus auctor sed tristique in tempus sit amet sem fusce consequat nulla nisl nunc,2017-07-25 03:23:41,5
249,249,57,orci eget orci vehicula condimentum curabitur in libero ut massa volutpat convallis morbi odio odio elementum,2017-03-17 17:54:04,7
250,250,42,pede libero quis orci nullam molestie nibh in lectus pellentesque at nulla suspendisse potenti cras,2017-07-10 21:03:41,4
251,251,97,interdum mauris non ligula pellentesque ultrices phasellus id sapien in sapien iaculis congue vivamus metus arcu adipiscing molestie,2017-04-28 21:05:33,4
252,252,78,habitasse platea dictumst etiam faucibus cursus urna ut tellus nulla ut erat id mauris vulputate elementum nullam varius nulla facilisi,2017-12-04 10:52:27,4
253,253,87,maecenas pulvinar lobortis est phasellus sit amet erat nulla tempus vivamus in felis eu sapien,2017-10-19 14:59:31,1
254,254,18,elementum in hac habitasse platea dictumst morbi vestibulum velit id,2017-08-19 08:27:16,9
255,255,61,ac est lacinia nisi venenatis tristique fusce congue diam id ornare imperdiet,2017-11-08 04:07:36,5
256,256,49,sollicitudin ut suscipit a feugiat et eros vestibulum ac est lacinia nisi venenatis,2017-03-03 03:26:14,9
257,257,11,in lectus pellentesque at nulla suspendisse potenti cras in purus,2017-09-25 05:42:20,7
258,258,75,eu magna vulputate luctus cum sociis natoque penatibus et magnis dis parturient montes nascetur,2017-10-03 14:54:28,1
259,259,81,eu magna vulputate luctus cum sociis natoque penatibus et magnis dis parturient montes,2017-02-21 12:24:27,1
260,260,60,luctus nec molestie sed justo pellentesque viverra pede ac diam,2017-12-28 18:34:18,7
261,261,84,tincidunt eget tempus vel pede morbi porttitor lorem id ligula suspendisse ornare consequat lectus in est risus auctor sed tristique,2017-08-07 17:48:02,4
262,262,65,in ante vestibulum ante ipsum primis in faucibus orci luctus et ultrices posuere cubilia curae duis,2017-08-05 20:43:13,2
263,263,84,quis tortor id nulla ultrices aliquet maecenas leo odio condimentum id luctus nec molestie,2017-05-14 18:19:20,9
264,264,35,vel augue vestibulum ante ipsum primis in faucibus orci luctus et ultrices posuere cubilia curae,2017-11-03 12:15:13,7
265,265,4,volutpat dui maecenas tristique est et tempus semper est quam,2017-07-31 06:57:49,8
266,266,45,nullam orci pede venenatis non sodales sed tincidunt eu felis fusce posuere,2017-07-18 01:46:30,2
267,267,11,in faucibus orci luctus et ultrices posuere cubilia curae donec pharetra magna vestibulum aliquet ultrices,2017-11-01 22:50:24,3
268,268,52,ipsum ac tellus semper interdum mauris ullamcorper purus sit amet nulla quisque,2017-11-12 03:13:49,5
269,269,16,lacus purus aliquet at feugiat non pretium quis lectus suspendisse potenti in eleifend quam a odio in hac,2017-10-22 06:39:35,8
270,270,82,quam sollicitudin vitae consectetuer eget rutrum at lorem integer tincidunt ante vel ipsum praesent blandit lacinia erat,2017-04-16 19:33:51,2
271,271,30,sollicitudin vitae consectetuer eget rutrum at lorem integer tincidunt ante vel ipsum praesent blandit lacinia erat vestibulum sed,2018-01-20 06:22:05,9
272,272,83,felis sed interdum venenatis turpis enim blandit mi in porttitor pede justo eu massa donec dapibus,2017-03-13 22:55:48,8
273,273,43,non mattis pulvinar nulla pede ullamcorper augue a suscipit nulla elit ac nulla sed vel enim sit,2017-04-13 04:37:36,6
274,274,37,libero quis orci nullam molestie nibh in lectus pellentesque at nulla suspendisse potenti cras in purus eu magna vulputate,2017-08-26 16:09:10,6
275,275,55,tempor convallis nulla neque libero convallis eget eleifend luctus ultricies eu nibh quisque id,2017-12-21 17:27:56,1
276,276,25,nam ultrices libero non mattis pulvinar nulla pede ullamcorper augue a suscipit nulla elit ac nulla sed vel,2017-06-14 21:09:47,4
277,277,67,molestie nibh in lectus pellentesque at nulla suspendisse potenti cras in purus eu magna vulputate luctus,2017-09-05 05:06:22,1
278,278,65,nisl nunc rhoncus dui vel sem sed sagittis nam congue risus semper porta volutpat quam pede,2017-07-15 06:32:32,9
279,279,39,metus arcu adipiscing molestie hendrerit at vulputate vitae nisl aenean lectus pellentesque eget,2017-08-22 22:49:29,7
280,280,74,lectus vestibulum quam sapien varius ut blandit non interdum in,2017-06-11 21:57:17,7
281,281,53,aenean sit amet justo morbi ut odio cras mi pede malesuada in imperdiet et,2017-08-05 22:11:04,9
282,282,70,ultrices posuere cubilia curae mauris viverra diam vitae quam suspendisse potenti nullam porttitor lacus at turpis,2017-10-06 16:07:29,6
283,283,64,ipsum primis in faucibus orci luctus et ultrices posuere cubilia curae mauris viverra diam vitae quam suspendisse potenti nullam porttitor,2017-12-04 11:11:30,9
284,284,54,viverra diam vitae quam suspendisse potenti nullam porttitor lacus at turpis donec posuere metus vitae ipsum aliquam non,2017-09-25 16:57:17,5
285,285,30,lacinia sapien quis libero nullam sit amet turpis elementum ligula vehicula consequat morbi a ipsum integer a,2017-04-19 04:30:22,9
286,286,2,sapien sapien non mi integer ac neque duis bibendum morbi non,2017-05-13 23:58:56,2
287,287,35,justo in blandit ultrices enim lorem ipsum dolor sit amet consectetuer adipiscing elit proin interdum mauris non ligula pellentesque ultrices,2017-04-12 22:03:22,2
288,288,32,sollicitudin ut suscipit a feugiat et eros vestibulum ac est lacinia nisi venenatis tristique fusce congue diam id ornare imperdiet,2017-04-01 20:58:03,9
289,289,38,sapien varius ut blandit non interdum in ante vestibulum ante ipsum primis in faucibus orci luctus et ultrices,2017-11-02 08:35:06,6
290,290,63,aliquam convallis nunc proin at turpis a pede posuere nonummy integer non velit donec diam neque vestibulum,2017-12-31 09:31:46,2
291,291,1,gravida sem praesent id massa id nisl venenatis lacinia aenean sit amet justo morbi ut odio cras mi pede,2017-04-22 22:39:34,5
292,292,2,aliquet massa id lobortis convallis tortor risus dapibus augue vel accumsan tellus nisi,2017-11-17 05:30:42,7
293,293,1,faucibus orci luctus et ultrices posuere cubilia curae mauris viverra,2017-05-01 08:57:54,8
294,294,45,vulputate luctus cum sociis natoque penatibus et magnis dis parturient montes nascetur ridiculus mus vivamus,2017-05-31 13:56:43,4
295,295,99,nulla suscipit ligula in lacus curabitur at ipsum ac tellus semper interdum mauris ullamcorper,2018-01-15 17:18:29,6
296,296,29,quam pede lobortis ligula sit amet eleifend pede libero quis,2017-09-15 18:53:23,1
297,297,23,nec euismod scelerisque quam turpis adipiscing lorem vitae mattis nibh ligula nec sem duis aliquam convallis nunc proin at,2017-07-10 06:07:31,2
298,298,18,morbi non quam nec dui luctus rutrum nulla tellus in sagittis dui vel nisl duis,2017-05-04 22:20:59,3
299,299,13,nunc donec quis orci eget orci vehicula condimentum curabitur in libero ut massa volutpat,2017-06-12 12:03:13,2
300,300,96,orci nullam molestie nibh in lectus pellentesque at nulla suspendisse potenti cras in purus eu magna,2017-02-25 20:02:47,1
301,301,80,congue risus semper porta volutpat quam pede lobortis ligula sit amet eleifend pede libero quis orci nullam molestie,2017-05-31 21:25:47,8
302,302,29,sed sagittis nam congue risus semper porta volutpat quam pede lobortis ligula sit amet eleifend pede libero quis,2017-11-25 10:27:09,3
303,303,29,iaculis justo in hac habitasse platea dictumst etiam faucibus cursus urna ut,2017-11-07 22:16:07,8
304,304,57,donec ut dolor morbi vel lectus in quam fringilla rhoncus mauris enim leo rhoncus sed vestibulum sit amet cursus,2017-08-02 08:36:56,5
305,305,20,ac leo pellentesque ultrices mattis odio donec vitae nisi nam ultrices libero non mattis pulvinar,2017-04-07 11:17:09,8
306,306,2,mauris ullamcorper purus sit amet nulla quisque arcu libero rutrum ac lobortis vel dapibus,2017-06-08 06:49:48,8
307,307,46,massa donec dapibus duis at velit eu est congue elementum in,2017-02-10 01:02:31,4
308,308,59,sed vel enim sit amet nunc viverra dapibus nulla suscipit ligula in lacus curabitur at ipsum ac tellus,2017-10-04 06:30:07,9
309,309,74,neque libero convallis eget eleifend luctus ultricies eu nibh quisque id justo,2017-10-13 16:44:06,7
310,310,79,velit nec nisi vulputate nonummy maecenas tincidunt lacus at velit,2017-05-17 23:21:15,8
311,311,65,sapien dignissim vestibulum vestibulum ante ipsum primis in faucibus orci luctus,2017-05-12 18:09:33,2
312,312,20,venenatis turpis enim blandit mi in porttitor pede justo eu massa donec dapibus duis at velit eu est congue,2017-12-01 15:36:29,5
313,313,3,ut rhoncus aliquet pulvinar sed nisl nunc rhoncus dui vel sem sed sagittis,2017-10-16 04:49:17,6
314,314,98,orci luctus et ultrices posuere cubilia curae mauris viverra diam vitae quam suspendisse potenti nullam porttitor lacus at,2017-08-09 06:52:07,8
315,315,73,montes nascetur ridiculus mus etiam vel augue vestibulum rutrum rutrum neque aenean auctor gravida sem praesent id massa id,2017-07-22 03:58:51,5
316,316,76,non mattis pulvinar nulla pede ullamcorper augue a suscipit nulla elit ac,2017-06-29 02:47:31,4
317,317,73,justo sit amet sapien dignissim vestibulum vestibulum ante ipsum primis in faucibus orci luctus et ultrices posuere cubilia curae,2017-04-09 13:20:14,5
318,318,59,placerat praesent blandit nam nulla integer pede justo lacinia eget tincidunt eget tempus vel pede morbi porttitor lorem id ligula,2017-04-03 07:06:37,3
319,319,22,fringilla rhoncus mauris enim leo rhoncus sed vestibulum sit amet cursus id turpis integer aliquet massa id lobortis convallis tortor,2017-12-03 17:40:25,7
320,320,8,in eleifend quam a odio in hac habitasse platea dictumst maecenas ut massa quis augue luctus tincidunt,2018-01-29 20:19:56,5
321,321,8,semper sapien a libero nam dui proin leo odio porttitor id consequat in consequat,2017-05-01 12:15:36,8
322,322,27,lectus pellentesque at nulla suspendisse potenti cras in purus eu magna vulputate luctus cum sociis natoque penatibus et,2017-10-11 01:55:32,5
323,323,2,augue aliquam erat volutpat in congue etiam justo etiam pretium iaculis justo in hac habitasse platea dictumst,2017-12-04 08:25:08,1
324,324,8,augue vestibulum rutrum rutrum neque aenean auctor gravida sem praesent id massa id nisl venenatis lacinia aenean sit,2017-03-31 10:29:14,5
325,325,5,erat curabitur gravida nisi at nibh in hac habitasse platea dictumst aliquam augue quam sollicitudin vitae consectetuer eget rutrum,2017-05-16 15:09:31,5
326,326,2,rutrum nulla tellus in sagittis dui vel nisl duis ac,2018-01-06 13:18:26,2
327,327,15,vulputate luctus cum sociis natoque penatibus et magnis dis parturient montes nascetur ridiculus mus vivamus vestibulum sagittis sapien cum sociis,2017-03-04 19:41:02,7
328,328,19,tristique fusce congue diam id ornare imperdiet sapien urna pretium nisl ut volutpat sapien arcu sed augue aliquam,2017-09-11 15:46:07,9
329,329,17,hac habitasse platea dictumst etiam faucibus cursus urna ut tellus nulla ut erat id mauris vulputate elementum nullam varius,2017-04-25 11:55:33,2
330,330,17,dictumst aliquam augue quam sollicitudin vitae consectetuer eget rutrum at lorem integer,2017-08-02 19:00:51,3
331,331,62,et eros vestibulum ac est lacinia nisi venenatis tristique fusce congue diam id ornare imperdiet sapien urna pretium nisl,2017-03-14 11:44:58,2
332,332,3,semper porta volutpat quam pede lobortis ligula sit amet eleifend pede libero quis orci nullam molestie nibh in lectus pellentesque,2017-02-28 18:40:41,4
333,333,99,curabitur convallis duis consequat dui nec nisi volutpat eleifend donec ut dolor morbi vel lectus in quam fringilla rhoncus,2017-05-20 18:13:09,9
334,334,45,odio elementum eu interdum eu tincidunt in leo maecenas pulvinar lobortis est phasellus sit,2017-05-09 12:00:49,7
335,335,51,turpis eget elit sodales scelerisque mauris sit amet eros suspendisse accumsan tortor quis turpis sed ante vivamus tortor,2017-05-15 07:52:34,6
336,336,60,ut dolor morbi vel lectus in quam fringilla rhoncus mauris enim,2017-03-13 13:38:22,2
337,337,82,est et tempus semper est quam pharetra magna ac consequat,2018-01-04 16:30:15,3
338,338,14,nibh in hac habitasse platea dictumst aliquam augue quam sollicitudin vitae consectetuer eget rutrum at lorem integer tincidunt,2017-11-03 20:55:43,9
339,339,91,tempus vivamus in felis eu sapien cursus vestibulum proin eu mi nulla ac enim in tempor turpis,2018-01-18 05:52:40,3
340,340,77,sit amet sem fusce consequat nulla nisl nunc nisl duis bibendum felis sed,2017-12-14 16:57:47,2
341,341,49,ipsum ac tellus semper interdum mauris ullamcorper purus sit amet nulla quisque arcu libero rutrum ac lobortis vel,2017-06-21 21:47:05,5
342,342,7,vestibulum eget vulputate ut ultrices vel augue vestibulum ante ipsum primis,2017-05-09 19:37:53,7
343,343,89,sollicitudin ut suscipit a feugiat et eros vestibulum ac est lacinia nisi venenatis tristique,2017-05-11 21:16:23,5
344,344,95,leo odio porttitor id consequat in consequat ut nulla sed accumsan felis,2017-05-06 13:15:58,5
345,345,26,mauris lacinia sapien quis libero nullam sit amet turpis elementum ligula vehicula consequat morbi a ipsum integer,2017-05-11 10:09:04,9
346,346,18,nunc vestibulum ante ipsum primis in faucibus orci luctus et ultrices posuere cubilia curae mauris viverra diam vitae quam suspendisse,2017-04-07 00:47:59,2
347,347,88,enim lorem ipsum dolor sit amet consectetuer adipiscing elit proin interdum mauris non ligula pellentesque ultrices,2017-04-11 13:06:45,7
348,348,65,ultrices vel augue vestibulum ante ipsum primis in faucibus orci luctus et ultrices,2017-08-07 00:25:31,7
349,349,42,maecenas rhoncus aliquam lacus morbi quis tortor id nulla ultrices,2017-04-30 20:14:14,4
350,350,92,tincidunt eu felis fusce posuere felis sed lacus morbi sem mauris laoreet ut rhoncus,2017-12-15 14:00:39,2
351,351,74,ipsum dolor sit amet consectetuer adipiscing elit proin risus praesent lectus vestibulum quam sapien,2017-03-17 17:39:38,8
352,352,67,malesuada in imperdiet et commodo vulputate justo in blandit ultrices enim lorem ipsum dolor sit amet consectetuer adipiscing elit,2017-04-03 18:10:57,2
353,353,61,tristique est et tempus semper est quam pharetra magna ac consequat metus sapien ut,2017-03-14 20:49:16,9
354,354,72,praesent blandit lacinia erat vestibulum sed magna at nunc commodo placerat praesent blandit nam nulla integer,2018-02-04 11:06:04,7
355,355,52,in magna bibendum imperdiet nullam orci pede venenatis non sodales sed tincidunt eu felis fusce posuere,2017-06-27 17:37:32,5
356,356,78,ullamcorper augue a suscipit nulla elit ac nulla sed vel enim,2017-11-10 10:59:23,7
357,357,25,in faucibus orci luctus et ultrices posuere cubilia curae donec pharetra magna vestibulum aliquet ultrices erat tortor,2018-02-07 12:38:49,2
358,358,31,montes nascetur ridiculus mus vivamus vestibulum sagittis sapien cum sociis natoque penatibus et magnis dis parturient montes nascetur ridiculus mus,2017-07-25 22:19:58,3
359,359,84,eu mi nulla ac enim in tempor turpis nec euismod scelerisque quam turpis adipiscing lorem vitae mattis nibh,2017-03-01 20:30:16,5
360,360,47,aliquam augue quam sollicitudin vitae consectetuer eget rutrum at lorem integer tincidunt ante vel ipsum,2017-05-26 00:40:55,3
361,361,49,eget tincidunt eget tempus vel pede morbi porttitor lorem id ligula suspendisse ornare consequat lectus in est,2017-08-10 23:28:32,1
362,362,50,nec condimentum neque sapien placerat ante nulla justo aliquam quis turpis eget elit sodales scelerisque mauris sit amet,2017-10-03 05:16:57,9
363,363,39,sit amet eros suspendisse accumsan tortor quis turpis sed ante vivamus tortor duis,2017-12-11 16:01:11,1
364,364,15,odio justo sollicitudin ut suscipit a feugiat et eros vestibulum ac,2017-12-28 03:21:09,8
365,365,48,accumsan tortor quis turpis sed ante vivamus tortor duis mattis egestas metus aenean fermentum donec ut mauris eget,2017-04-19 17:43:10,7
366,366,82,morbi non lectus aliquam sit amet diam in magna bibendum,2018-01-25 08:34:16,6
367,367,25,nisi nam ultrices libero non mattis pulvinar nulla pede ullamcorper augue a suscipit nulla elit ac nulla sed vel,2017-07-30 11:10:13,2
368,368,57,eros viverra eget congue eget semper rutrum nulla nunc purus phasellus in felis,2017-05-19 17:14:35,2
369,369,99,etiam faucibus cursus urna ut tellus nulla ut erat id mauris vulputate,2017-05-19 20:56:51,5
370,370,58,id massa id nisl venenatis lacinia aenean sit amet justo morbi ut odio cras,2017-04-26 14:03:05,2
371,371,22,suspendisse potenti nullam porttitor lacus at turpis donec posuere metus vitae ipsum aliquam,2017-07-08 02:04:04,3
372,372,1,odio odio elementum eu interdum eu tincidunt in leo maecenas pulvinar lobortis est phasellus,2017-09-21 11:14:29,5
373,373,96,leo maecenas pulvinar lobortis est phasellus sit amet erat nulla tempus vivamus,2017-05-19 11:51:11,2
374,374,63,fusce consequat nulla nisl nunc nisl duis bibendum felis sed interdum venenatis,2017-06-26 23:01:40,4
375,375,97,vel nulla eget eros elementum pellentesque quisque porta volutpat erat quisque erat,2017-06-12 12:48:08,4
376,376,57,porttitor id consequat in consequat ut nulla sed accumsan felis ut at,2017-11-25 11:10:50,8
377,377,84,in quam fringilla rhoncus mauris enim leo rhoncus sed vestibulum sit amet cursus id turpis integer,2017-05-27 09:48:53,9
378,378,3,justo etiam pretium iaculis justo in hac habitasse platea dictumst etiam faucibus cursus urna ut tellus,2017-04-26 11:54:29,8
379,379,13,sapien non mi integer ac neque duis bibendum morbi non quam,2017-05-18 23:38:35,1
380,380,2,ut at dolor quis odio consequat varius integer ac leo pellentesque ultrices mattis odio donec,2017-09-27 11:31:28,2
381,381,12,mauris laoreet ut rhoncus aliquet pulvinar sed nisl nunc rhoncus dui vel sem sed sagittis nam congue risus semper porta,2017-07-11 00:38:11,3
382,382,10,dolor morbi vel lectus in quam fringilla rhoncus mauris enim leo rhoncus,2017-11-13 10:44:19,6
383,383,96,pede ullamcorper augue a suscipit nulla elit ac nulla sed vel enim sit amet nunc viverra dapibus,2017-06-24 03:44:14,4
384,384,9,sapien a libero nam dui proin leo odio porttitor id consequat in consequat ut,2017-08-20 11:28:09,6
385,385,58,consequat varius integer ac leo pellentesque ultrices mattis odio donec vitae nisi nam ultrices,2017-04-16 09:00:42,1
386,386,48,venenatis lacinia aenean sit amet justo morbi ut odio cras mi pede malesuada in imperdiet et commodo vulputate justo in,2017-11-10 06:04:05,5
387,387,56,erat quisque erat eros viverra eget congue eget semper rutrum nulla nunc purus,2017-11-30 21:25:19,1
388,388,81,vulputate vitae nisl aenean lectus pellentesque eget nunc donec quis orci eget orci vehicula condimentum curabitur in libero,2017-07-28 15:46:39,3
389,389,58,vestibulum ante ipsum primis in faucibus orci luctus et ultrices posuere cubilia curae donec pharetra,2017-11-28 16:58:06,6
390,390,74,vestibulum ante ipsum primis in faucibus orci luctus et ultrices posuere cubilia curae nulla dapibus dolor,2017-03-14 08:00:20,3
391,391,71,sapien placerat ante nulla justo aliquam quis turpis eget elit sodales scelerisque mauris sit amet eros suspendisse accumsan tortor,2017-09-17 16:42:51,4
392,392,70,odio cras mi pede malesuada in imperdiet et commodo vulputate justo in,2017-10-16 03:24:26,4
393,393,74,nisl venenatis lacinia aenean sit amet justo morbi ut odio cras mi pede malesuada in imperdiet,2017-12-18 10:14:12,8
394,394,61,augue aliquam erat volutpat in congue etiam justo etiam pretium iaculis justo,2017-12-28 06:26:23,2
395,395,13,urna pretium nisl ut volutpat sapien arcu sed augue aliquam erat volutpat in congue etiam justo etiam pretium iaculis justo,2017-06-18 08:37:53,6
396,396,16,ipsum dolor sit amet consectetuer adipiscing elit proin interdum mauris non,2017-09-28 17:08:53,6
397,397,55,non velit nec nisi vulputate nonummy maecenas tincidunt lacus at velit vivamus vel,2017-09-01 18:53:20,9
398,398,61,sapien sapien non mi integer ac neque duis bibendum morbi non quam nec dui luctus rutrum nulla tellus,2017-06-28 22:54:55,6
399,399,12,vulputate elementum nullam varius nulla facilisi cras non velit nec nisi vulputate nonummy maecenas tincidunt lacus at velit,2018-02-01 11:41:10,1
400,400,22,curae donec pharetra magna vestibulum aliquet ultrices erat tortor sollicitudin mi sit amet lobortis sapien sapien non mi integer,2017-06-16 18:22:27,6
401,401,82,non mauris morbi non lectus aliquam sit amet diam in,2017-05-20 17:06:55,2
402,402,85,sit amet justo morbi ut odio cras mi pede malesuada in imperdiet,2017-11-07 07:02:36,6
403,403,70,consectetuer adipiscing elit proin risus praesent lectus vestibulum quam sapien varius ut blandit non interdum in,2017-05-26 05:59:29,3
404,404,5,amet sapien dignissim vestibulum vestibulum ante ipsum primis in faucibus orci luctus et ultrices posuere cubilia,2017-06-14 21:12:24,5
405,405,20,enim leo rhoncus sed vestibulum sit amet cursus id turpis integer aliquet massa id lobortis convallis tortor,2017-03-14 22:56:27,9
406,406,1,in congue etiam justo etiam pretium iaculis justo in hac habitasse platea dictumst etiam faucibus cursus urna ut tellus,2017-08-01 02:36:58,9
407,407,15,lectus suspendisse potenti in eleifend quam a odio in hac habitasse platea dictumst maecenas ut massa,2017-05-03 17:40:16,9
408,408,35,phasellus sit amet erat nulla tempus vivamus in felis eu sapien cursus vestibulum proin eu mi nulla ac enim,2017-07-19 05:31:24,8
409,409,91,luctus nec molestie sed justo pellentesque viverra pede ac diam cras pellentesque,2017-10-11 20:00:57,6
410,410,24,est et tempus semper est quam pharetra magna ac consequat metus sapien ut nunc vestibulum,2017-04-08 14:30:42,5
411,411,25,porttitor lorem id ligula suspendisse ornare consequat lectus in est risus auctor sed tristique,2017-10-10 01:49:48,4
412,412,7,tellus nisi eu orci mauris lacinia sapien quis libero nullam sit amet turpis elementum ligula vehicula,2017-09-30 01:43:08,9
413,413,64,dis parturient montes nascetur ridiculus mus etiam vel augue vestibulum,2017-08-25 15:07:11,6
414,414,10,id sapien in sapien iaculis congue vivamus metus arcu adipiscing molestie hendrerit at,2017-12-20 22:50:48,7
415,415,79,pede justo lacinia eget tincidunt eget tempus vel pede morbi porttitor lorem id ligula suspendisse,2017-06-15 04:16:15,8
416,416,64,eros elementum pellentesque quisque porta volutpat erat quisque erat eros viverra eget congue eget,2017-02-16 21:53:02,2
417,417,100,metus aenean fermentum donec ut mauris eget massa tempor convallis nulla neque libero convallis eget eleifend luctus,2017-12-01 09:22:38,6
418,418,13,nulla integer pede justo lacinia eget tincidunt eget tempus vel pede morbi porttitor lorem id ligula suspendisse ornare consequat,2018-02-06 17:10:26,6
419,419,64,habitasse platea dictumst maecenas ut massa quis augue luctus tincidunt nulla mollis molestie lorem quisque ut erat curabitur,2017-04-22 13:51:46,1
420,420,65,ac neque duis bibendum morbi non quam nec dui luctus rutrum nulla tellus in sagittis dui vel,2017-05-02 15:44:48,1
421,421,64,convallis nulla neque libero convallis eget eleifend luctus ultricies eu,2017-11-15 04:48:56,4
422,422,31,etiam faucibus cursus urna ut tellus nulla ut erat id mauris vulputate elementum nullam varius nulla,2017-04-21 14:00:10,4
423,423,17,nam dui proin leo odio porttitor id consequat in consequat ut nulla sed accumsan felis ut at dolor quis,2017-08-31 04:35:30,4
424,424,6,a odio in hac habitasse platea dictumst maecenas ut massa quis augue luctus tincidunt nulla mollis molestie,2017-06-30 19:23:58,4
425,425,85,venenatis lacinia aenean sit amet justo morbi ut odio cras mi pede malesuada in imperdiet et commodo vulputate,2017-11-05 22:07:29,1
426,426,30,nisl duis ac nibh fusce lacus purus aliquet at feugiat non pretium quis lectus suspendisse potenti in eleifend quam,2017-08-22 11:55:06,4
427,427,8,vivamus metus arcu adipiscing molestie hendrerit at vulputate vitae nisl aenean lectus pellentesque eget nunc,2017-04-11 18:38:40,8
428,428,91,velit donec diam neque vestibulum eget vulputate ut ultrices vel augue vestibulum ante,2017-02-09 08:38:22,4
429,429,45,porttitor lacus at turpis donec posuere metus vitae ipsum aliquam non mauris,2017-11-25 01:15:53,1
430,430,94,cras pellentesque volutpat dui maecenas tristique est et tempus semper est quam pharetra magna ac consequat metus,2017-02-13 16:53:48,5
431,431,49,euismod scelerisque quam turpis adipiscing lorem vitae mattis nibh ligula,2017-08-19 09:19:03,2
432,432,6,semper est quam pharetra magna ac consequat metus sapien ut nunc vestibulum ante ipsum primis in faucibus orci luctus et,2017-03-11 05:22:23,8
433,433,74,pellentesque eget nunc donec quis orci eget orci vehicula condimentum curabitur in libero ut,2017-11-28 21:08:45,2
434,434,13,lacinia aenean sit amet justo morbi ut odio cras mi pede malesuada in imperdiet et commodo vulputate justo in,2018-01-26 07:55:53,4
435,435,28,pede morbi porttitor lorem id ligula suspendisse ornare consequat lectus in est risus auctor sed tristique in tempus sit,2017-07-07 11:01:30,6
436,436,74,aliquam sit amet diam in magna bibendum imperdiet nullam orci pede venenatis non sodales,2017-08-29 03:59:49,8
437,437,56,risus dapibus augue vel accumsan tellus nisi eu orci mauris lacinia sapien,2017-08-15 12:19:36,5
438,438,30,magna ac consequat metus sapien ut nunc vestibulum ante ipsum primis in faucibus orci luctus et ultrices posuere cubilia curae,2017-12-25 09:12:13,1
439,439,62,sit amet erat nulla tempus vivamus in felis eu sapien cursus vestibulum proin eu,2017-02-12 07:01:05,5
440,440,65,malesuada in imperdiet et commodo vulputate justo in blandit ultrices enim lorem ipsum dolor,2017-11-02 15:47:53,6
441,441,46,sed ante vivamus tortor duis mattis egestas metus aenean fermentum,2017-08-20 05:57:56,1
442,442,78,nascetur ridiculus mus vivamus vestibulum sagittis sapien cum sociis natoque penatibus,2017-03-14 04:43:11,4
443,443,84,ipsum primis in faucibus orci luctus et ultrices posuere cubilia curae,2017-07-04 08:58:51,4
444,444,83,luctus cum sociis natoque penatibus et magnis dis parturient montes,2017-08-08 09:33:46,6
445,445,33,vel est donec odio justo sollicitudin ut suscipit a feugiat et,2017-04-07 12:27:47,3
446,446,66,sed justo pellentesque viverra pede ac diam cras pellentesque volutpat dui maecenas tristique est et tempus,2017-03-14 22:55:47,8
447,447,22,pellentesque viverra pede ac diam cras pellentesque volutpat dui maecenas tristique est et tempus semper,2017-06-05 21:23:14,8
448,448,46,urna pretium nisl ut volutpat sapien arcu sed augue aliquam erat volutpat in congue etiam justo etiam pretium iaculis justo,2017-06-10 05:45:36,6
449,449,76,donec semper sapien a libero nam dui proin leo odio porttitor id consequat in consequat ut nulla sed,2017-08-03 04:13:46,9
450,450,11,interdum mauris non ligula pellentesque ultrices phasellus id sapien in sapien iaculis congue vivamus metus arcu adipiscing,2017-10-29 19:43:04,5
451,451,25,morbi porttitor lorem id ligula suspendisse ornare consequat lectus in est risus auctor sed tristique in tempus sit,2017-08-25 23:14:30,3
452,452,38,amet turpis elementum ligula vehicula consequat morbi a ipsum integer a nibh in quis justo,2018-01-28 18:41:58,1
453,453,25,vulputate ut ultrices vel augue vestibulum ante ipsum primis in faucibus orci luctus,2017-07-20 01:26:09,7
454,454,97,condimentum curabitur in libero ut massa volutpat convallis morbi odio odio elementum,2017-09-14 21:52:40,9
455,455,84,non interdum in ante vestibulum ante ipsum primis in faucibus orci luctus et ultrices posuere cubilia,2017-07-08 04:36:42,6
456,456,34,sapien varius ut blandit non interdum in ante vestibulum ante ipsum primis in faucibus orci luctus,2018-01-24 06:01:00,4
457,457,19,sit amet eros suspendisse accumsan tortor quis turpis sed ante vivamus tortor,2017-10-10 05:51:49,4
458,458,93,at velit eu est congue elementum in hac habitasse platea dictumst morbi vestibulum velit id pretium iaculis,2017-02-18 16:12:44,2
459,459,92,cubilia curae mauris viverra diam vitae quam suspendisse potenti nullam porttitor lacus at turpis donec,2017-02-20 04:46:45,4
460,460,93,ut erat curabitur gravida nisi at nibh in hac habitasse platea dictumst aliquam augue quam sollicitudin vitae,2017-10-01 01:04:05,7
461,461,1,platea dictumst etiam faucibus cursus urna ut tellus nulla ut erat id mauris,2017-11-14 03:01:17,6
462,462,74,quisque erat eros viverra eget congue eget semper rutrum nulla nunc purus phasellus in felis donec,2017-02-26 21:36:03,7
463,463,17,consequat metus sapien ut nunc vestibulum ante ipsum primis in faucibus orci luctus et ultrices,2017-06-13 02:20:10,5
464,464,89,libero nam dui proin leo odio porttitor id consequat in consequat ut,2017-03-06 01:56:27,5
465,465,16,fusce congue diam id ornare imperdiet sapien urna pretium nisl ut volutpat sapien arcu sed augue aliquam erat volutpat,2017-07-25 18:32:48,9
466,466,44,arcu adipiscing molestie hendrerit at vulputate vitae nisl aenean lectus,2017-10-19 02:37:55,8
467,467,69,lobortis convallis tortor risus dapibus augue vel accumsan tellus nisi eu orci mauris lacinia sapien quis libero,2017-07-10 04:37:13,2
468,468,76,a nibh in quis justo maecenas rhoncus aliquam lacus morbi quis tortor id nulla ultrices aliquet maecenas leo odio,2017-06-16 21:35:21,1
469,469,6,et magnis dis parturient montes nascetur ridiculus mus vivamus vestibulum sagittis sapien,2017-04-12 07:29:57,8
470,470,32,nisi vulputate nonummy maecenas tincidunt lacus at velit vivamus vel nulla eget,2017-07-07 13:32:31,7
471,471,41,sed ante vivamus tortor duis mattis egestas metus aenean fermentum donec ut mauris eget massa tempor convallis nulla neque libero,2017-03-02 05:06:42,2
472,472,76,volutpat convallis morbi odio odio elementum eu interdum eu tincidunt in leo maecenas pulvinar lobortis est,2018-01-20 09:30:48,7
473,473,10,erat volutpat in congue etiam justo etiam pretium iaculis justo in hac,2017-12-26 13:56:56,7
474,474,29,interdum venenatis turpis enim blandit mi in porttitor pede justo eu massa donec dapibus duis at velit eu est congue,2017-06-09 16:52:02,2
475,475,59,viverra pede ac diam cras pellentesque volutpat dui maecenas tristique est et tempus semper est quam pharetra magna ac consequat,2017-09-29 18:06:50,9
476,476,63,cubilia curae duis faucibus accumsan odio curabitur convallis duis consequat dui nec nisi,2017-05-19 06:35:24,6
477,477,72,praesent lectus vestibulum quam sapien varius ut blandit non interdum in ante vestibulum ante ipsum primis,2017-10-02 18:46:25,3
478,478,3,sapien quis libero nullam sit amet turpis elementum ligula vehicula consequat,2018-01-12 12:05:29,7
479,479,9,lectus aliquam sit amet diam in magna bibendum imperdiet nullam orci pede venenatis non sodales sed tincidunt eu felis fusce,2017-10-27 01:19:35,1
480,480,3,euismod scelerisque quam turpis adipiscing lorem vitae mattis nibh ligula nec sem duis aliquam convallis nunc proin at,2017-03-10 16:17:27,4
481,481,65,eu nibh quisque id justo sit amet sapien dignissim vestibulum,2017-03-05 02:46:09,3
482,482,77,facilisi cras non velit nec nisi vulputate nonummy maecenas tincidunt lacus at velit vivamus vel nulla eget,2018-02-02 21:50:40,9
483,483,13,faucibus orci luctus et ultrices posuere cubilia curae duis faucibus accumsan odio curabitur convallis duis consequat dui nec nisi volutpat,2017-07-06 09:19:02,6
484,484,65,dolor sit amet consectetuer adipiscing elit proin risus praesent lectus vestibulum quam sapien varius ut blandit non interdum in,2017-06-06 17:27:51,3
485,485,15,eget congue eget semper rutrum nulla nunc purus phasellus in felis donec,2017-12-10 18:40:54,4
486,486,38,in consequat ut nulla sed accumsan felis ut at dolor quis odio,2017-11-26 00:19:38,9
487,487,86,augue a suscipit nulla elit ac nulla sed vel enim sit amet nunc viverra dapibus nulla suscipit ligula in,2017-06-19 20:18:31,7
488,488,13,eu interdum eu tincidunt in leo maecenas pulvinar lobortis est phasellus sit amet,2017-11-27 10:43:01,9
489,489,4,diam erat fermentum justo nec condimentum neque sapien placerat ante nulla justo aliquam quis,2017-09-05 03:00:00,1
490,490,100,maecenas ut massa quis augue luctus tincidunt nulla mollis molestie lorem quisque ut erat,2017-08-01 15:15:26,1
491,491,92,curabitur at ipsum ac tellus semper interdum mauris ullamcorper purus,2018-01-13 09:49:26,1
492,492,100,tempor convallis nulla neque libero convallis eget eleifend luctus ultricies eu nibh quisque id justo,2018-01-27 23:39:01,9
493,493,98,rutrum nulla tellus in sagittis dui vel nisl duis ac nibh fusce lacus purus aliquet at feugiat non pretium quis,2017-02-16 17:39:33,9
494,494,18,sodales sed tincidunt eu felis fusce posuere felis sed lacus morbi sem mauris laoreet ut,2017-04-29 19:44:01,6
495,495,72,ultrices posuere cubilia curae donec pharetra magna vestibulum aliquet ultrices erat tortor sollicitudin mi sit amet lobortis,2017-12-17 15:25:35,9
496,496,90,tincidunt eu felis fusce posuere felis sed lacus morbi sem mauris laoreet ut rhoncus aliquet pulvinar sed nisl nunc,2017-03-10 00:11:59,1
497,497,33,rhoncus aliquam lacus morbi quis tortor id nulla ultrices aliquet maecenas leo,2017-11-02 20:30:44,3
498,498,93,molestie sed justo pellentesque viverra pede ac diam cras pellentesque volutpat,2017-07-30 07:10:07,6
499,499,41,facilisi cras non velit nec nisi vulputate nonummy maecenas tincidunt lacus at velit vivamus vel nulla eget eros elementum,2017-07-14 13:49:51,2
500,500,78,eleifend luctus ultricies eu nibh quisque id justo sit amet sapien,2017-03-02 01:44:53,9
501,501,82,integer non velit donec diam neque vestibulum eget vulputate ut ultrices,2017-08-10 05:06:08,2
502,502,39,eu sapien cursus vestibulum proin eu mi nulla ac enim in tempor turpis nec euismod scelerisque quam,2017-05-26 19:14:59,1
503,503,44,cursus urna ut tellus nulla ut erat id mauris vulputate elementum nullam varius nulla facilisi cras non velit nec,2017-09-26 01:19:15,9
504,504,46,aliquam quis turpis eget elit sodales scelerisque mauris sit amet eros suspendisse accumsan tortor quis turpis,2017-07-03 11:55:48,6
505,505,38,tempor convallis nulla neque libero convallis eget eleifend luctus ultricies eu nibh quisque id justo sit amet sapien dignissim vestibulum,2017-09-25 15:19:57,3
506,506,52,nullam sit amet turpis elementum ligula vehicula consequat morbi a ipsum integer a nibh in quis justo maecenas rhoncus,2017-07-05 13:52:44,3
507,507,70,etiam justo etiam pretium iaculis justo in hac habitasse platea dictumst etiam faucibus cursus urna ut tellus nulla ut,2018-01-05 17:17:27,6
508,508,13,mauris vulputate elementum nullam varius nulla facilisi cras non velit nec nisi vulputate nonummy maecenas tincidunt lacus at,2017-11-18 20:08:23,2
509,509,55,mauris viverra diam vitae quam suspendisse potenti nullam porttitor lacus at turpis donec posuere metus vitae ipsum,2017-10-31 14:42:00,3
510,510,24,non mi integer ac neque duis bibendum morbi non quam nec dui luctus rutrum nulla,2017-06-11 05:43:19,7
511,511,46,adipiscing lorem vitae mattis nibh ligula nec sem duis aliquam convallis nunc proin at,2018-01-17 19:36:02,8
512,512,74,quis justo maecenas rhoncus aliquam lacus morbi quis tortor id nulla ultrices aliquet maecenas leo odio condimentum id,2017-02-24 13:55:33,6
513,513,33,convallis duis consequat dui nec nisi volutpat eleifend donec ut dolor morbi,2017-08-16 20:07:52,3
514,514,11,aliquam non mauris morbi non lectus aliquam sit amet diam in magna bibendum imperdiet nullam orci,2017-09-12 06:29:27,4
515,515,4,dapibus augue vel accumsan tellus nisi eu orci mauris lacinia sapien quis libero nullam sit amet turpis elementum ligula,2017-06-24 06:27:32,7
516,516,61,nam nulla integer pede justo lacinia eget tincidunt eget tempus vel pede morbi porttitor lorem id,2017-09-11 08:50:45,6
517,517,92,nulla tempus vivamus in felis eu sapien cursus vestibulum proin eu mi nulla ac,2017-05-11 08:02:55,4
518,518,40,non velit nec nisi vulputate nonummy maecenas tincidunt lacus at velit vivamus vel nulla eget eros elementum pellentesque quisque porta,2017-08-05 11:32:39,8
519,519,73,proin leo odio porttitor id consequat in consequat ut nulla sed accumsan felis ut at,2017-08-30 13:46:35,1
520,520,18,nisl nunc nisl duis bibendum felis sed interdum venenatis turpis enim blandit mi in porttitor pede,2017-12-20 06:10:08,6
521,521,76,sed lacus morbi sem mauris laoreet ut rhoncus aliquet pulvinar sed nisl nunc rhoncus dui,2018-02-02 10:28:34,3
522,522,71,nisi vulputate nonummy maecenas tincidunt lacus at velit vivamus vel nulla eget eros elementum pellentesque quisque porta,2017-05-25 03:03:04,8
523,523,46,ultrices posuere cubilia curae donec pharetra magna vestibulum aliquet ultrices erat tortor sollicitudin mi,2017-05-09 23:43:37,4
524,524,44,in felis donec semper sapien a libero nam dui proin leo odio,2018-01-03 02:55:01,6
525,525,74,eu mi nulla ac enim in tempor turpis nec euismod scelerisque quam turpis,2017-11-20 21:42:12,1
526,526,45,vehicula condimentum curabitur in libero ut massa volutpat convallis morbi odio odio elementum eu,2017-11-06 07:22:03,6
527,527,59,morbi quis tortor id nulla ultrices aliquet maecenas leo odio condimentum id luctus,2017-02-08 03:06:56,2
528,528,98,quam turpis adipiscing lorem vitae mattis nibh ligula nec sem duis aliquam convallis nunc proin at turpis a pede,2017-09-07 07:10:32,8
529,529,81,non mauris morbi non lectus aliquam sit amet diam in magna bibendum imperdiet nullam orci pede,2018-01-31 16:22:18,3
530,530,65,a ipsum integer a nibh in quis justo maecenas rhoncus aliquam lacus morbi quis tortor id nulla ultrices aliquet maecenas,2017-12-07 14:13:27,6
531,531,98,mi pede malesuada in imperdiet et commodo vulputate justo in blandit,2017-07-14 17:04:16,7
532,532,50,nonummy integer non velit donec diam neque vestibulum eget vulputate ut ultrices vel,2017-12-25 13:23:34,2
533,533,80,massa id nisl venenatis lacinia aenean sit amet justo morbi ut odio cras mi pede malesuada in imperdiet,2017-07-15 07:52:43,1
534,534,84,erat curabitur gravida nisi at nibh in hac habitasse platea dictumst aliquam augue quam sollicitudin,2017-07-26 12:11:02,3
535,535,35,etiam faucibus cursus urna ut tellus nulla ut erat id mauris vulputate elementum nullam varius nulla,2017-03-20 19:34:17,4
536,536,89,curae donec pharetra magna vestibulum aliquet ultrices erat tortor sollicitudin mi sit amet lobortis sapien sapien non mi integer,2018-01-23 22:34:58,3
537,537,31,diam id ornare imperdiet sapien urna pretium nisl ut volutpat sapien arcu sed,2018-02-06 12:01:03,4
538,538,38,auctor sed tristique in tempus sit amet sem fusce consequat nulla nisl,2017-08-01 14:29:09,1
539,539,97,nec dui luctus rutrum nulla tellus in sagittis dui vel nisl duis,2017-03-25 19:03:21,5
540,540,38,adipiscing elit proin interdum mauris non ligula pellentesque ultrices phasellus id sapien in sapien,2017-07-29 20:12:25,4
541,541,35,convallis duis consequat dui nec nisi volutpat eleifend donec ut dolor,2017-08-31 07:59:06,5
542,542,26,quisque arcu libero rutrum ac lobortis vel dapibus at diam nam tristique tortor eu pede,2017-04-02 09:12:40,7
543,543,24,eu orci mauris lacinia sapien quis libero nullam sit amet turpis elementum ligula vehicula consequat morbi a ipsum integer a,2017-04-21 07:38:05,7
544,544,13,eu massa donec dapibus duis at velit eu est congue elementum in hac,2017-07-08 10:24:35,8
545,545,69,sed interdum venenatis turpis enim blandit mi in porttitor pede justo eu massa donec dapibus,2017-06-06 05:56:25,4
546,546,94,lacinia nisi venenatis tristique fusce congue diam id ornare imperdiet sapien urna pretium nisl ut,2017-03-01 21:46:40,4
547,547,76,consequat in consequat ut nulla sed accumsan felis ut at dolor quis odio consequat varius integer,2017-02-28 12:35:30,4
548,548,59,massa quis augue luctus tincidunt nulla mollis molestie lorem quisque ut erat curabitur gravida,2017-12-29 08:48:57,8
549,549,67,mauris morbi non lectus aliquam sit amet diam in magna bibendum imperdiet nullam,2017-02-17 06:06:12,1
550,550,57,nam ultrices libero non mattis pulvinar nulla pede ullamcorper augue a suscipit nulla elit ac nulla,2017-11-17 22:01:20,4
551,551,78,cursus id turpis integer aliquet massa id lobortis convallis tortor risus dapibus augue vel accumsan tellus nisi eu,2017-12-02 01:41:36,6
552,552,31,quis justo maecenas rhoncus aliquam lacus morbi quis tortor id nulla ultrices aliquet maecenas,2017-07-11 06:03:45,5
553,553,43,proin eu mi nulla ac enim in tempor turpis nec euismod,2017-07-11 12:35:25,7
554,554,57,mauris viverra diam vitae quam suspendisse potenti nullam porttitor lacus at turpis donec posuere metus vitae ipsum aliquam non,2017-12-05 11:43:42,5
555,555,14,fringilla rhoncus mauris enim leo rhoncus sed vestibulum sit amet cursus id turpis integer aliquet,2018-02-01 00:28:54,1
556,556,70,venenatis non sodales sed tincidunt eu felis fusce posuere felis sed lacus morbi sem mauris laoreet ut rhoncus,2017-03-07 22:48:04,3
557,557,93,tristique in tempus sit amet sem fusce consequat nulla nisl nunc nisl duis bibendum felis sed interdum venenatis,2017-04-26 06:14:09,2
558,558,38,nullam sit amet turpis elementum ligula vehicula consequat morbi a ipsum integer a nibh in quis justo maecenas rhoncus,2017-05-23 19:17:39,7
559,559,60,odio condimentum id luctus nec molestie sed justo pellentesque viverra,2017-08-22 15:41:04,7
560,560,34,sapien cum sociis natoque penatibus et magnis dis parturient montes nascetur,2017-02-28 16:16:11,8
561,561,59,lectus in est risus auctor sed tristique in tempus sit amet sem fusce consequat nulla nisl nunc nisl,2017-09-10 05:11:28,2
562,562,6,vestibulum vestibulum ante ipsum primis in faucibus orci luctus et ultrices posuere cubilia,2017-03-08 06:30:05,6
563,563,17,ac lobortis vel dapibus at diam nam tristique tortor eu pede,2017-11-06 14:37:02,4
564,564,37,dis parturient montes nascetur ridiculus mus etiam vel augue vestibulum rutrum rutrum neque aenean auctor gravida sem praesent,2017-06-29 13:50:24,1
565,565,31,amet diam in magna bibendum imperdiet nullam orci pede venenatis non sodales sed tincidunt eu felis fusce posuere,2017-08-19 02:07:34,1
566,566,58,nulla tempus vivamus in felis eu sapien cursus vestibulum proin eu mi nulla ac enim,2017-03-26 09:09:01,4
567,567,43,ipsum primis in faucibus orci luctus et ultrices posuere cubilia curae donec pharetra magna vestibulum,2017-12-08 14:55:59,4
568,568,56,fermentum justo nec condimentum neque sapien placerat ante nulla justo aliquam quis,2017-07-03 07:11:03,5
569,569,18,maecenas pulvinar lobortis est phasellus sit amet erat nulla tempus vivamus in felis eu sapien,2017-06-13 07:37:16,5
570,570,75,ligula nec sem duis aliquam convallis nunc proin at turpis a pede posuere nonummy,2017-10-25 14:50:32,5
571,571,70,nisl nunc nisl duis bibendum felis sed interdum venenatis turpis enim blandit,2017-05-25 04:26:55,7
572,572,59,lacus morbi quis tortor id nulla ultrices aliquet maecenas leo odio condimentum id luctus nec molestie,2017-08-01 23:49:04,5
573,573,28,posuere cubilia curae donec pharetra magna vestibulum aliquet ultrices erat tortor sollicitudin mi sit amet,2017-03-17 01:26:52,9
574,574,80,amet justo morbi ut odio cras mi pede malesuada in imperdiet et,2017-10-01 05:17:40,2
575,575,63,pretium nisl ut volutpat sapien arcu sed augue aliquam erat volutpat in congue etiam justo etiam pretium iaculis justo in,2017-10-13 14:15:31,4
576,576,81,placerat praesent blandit nam nulla integer pede justo lacinia eget tincidunt eget,2017-05-01 15:45:12,4
577,577,57,feugiat non pretium quis lectus suspendisse potenti in eleifend quam a odio in,2017-08-22 10:52:13,6
578,578,79,viverra dapibus nulla suscipit ligula in lacus curabitur at ipsum ac tellus semper interdum mauris ullamcorper purus sit amet,2018-01-06 19:20:46,6
579,579,61,non mi integer ac neque duis bibendum morbi non quam nec dui luctus rutrum nulla tellus in sagittis,2017-12-16 09:28:30,5
580,580,32,diam in magna bibendum imperdiet nullam orci pede venenatis non sodales sed tincidunt,2017-09-05 04:38:48,8
581,581,73,vulputate nonummy maecenas tincidunt lacus at velit vivamus vel nulla,2017-07-06 19:17:26,5
582,582,88,quisque erat eros viverra eget congue eget semper rutrum nulla nunc purus,2018-01-12 14:27:37,1
583,583,22,ipsum dolor sit amet consectetuer adipiscing elit proin interdum mauris non ligula pellentesque ultrices phasellus id sapien in,2017-12-26 23:46:32,1
584,584,90,habitasse platea dictumst morbi vestibulum velit id pretium iaculis diam erat,2017-11-12 16:54:51,9
585,585,38,id nulla ultrices aliquet maecenas leo odio condimentum id luctus nec molestie sed justo pellentesque viverra,2017-08-21 18:40:01,9
586,586,64,viverra dapibus nulla suscipit ligula in lacus curabitur at ipsum ac tellus semper interdum mauris ullamcorper purus sit amet nulla,2017-08-07 13:28:13,5
587,587,16,vel ipsum praesent blandit lacinia erat vestibulum sed magna at nunc commodo placerat praesent blandit nam nulla integer,2017-11-07 16:18:52,3
588,588,86,nisi nam ultrices libero non mattis pulvinar nulla pede ullamcorper augue,2017-09-24 13:10:48,8
589,589,58,luctus ultricies eu nibh quisque id justo sit amet sapien,2017-08-28 18:00:46,8
590,590,97,nunc proin at turpis a pede posuere nonummy integer non velit donec diam neque vestibulum eget vulputate ut ultrices,2017-08-03 19:24:04,6
591,591,49,neque libero convallis eget eleifend luctus ultricies eu nibh quisque,2017-09-27 20:15:39,4
592,592,77,vehicula consequat morbi a ipsum integer a nibh in quis justo maecenas rhoncus aliquam lacus morbi,2017-02-24 17:10:44,7
593,593,86,rutrum at lorem integer tincidunt ante vel ipsum praesent blandit lacinia erat vestibulum sed magna at nunc,2017-03-13 13:27:07,6
594,594,1,integer ac neque duis bibendum morbi non quam nec dui luctus rutrum nulla tellus in sagittis dui vel nisl,2017-03-04 06:56:51,8
595,595,98,semper porta volutpat quam pede lobortis ligula sit amet eleifend,2018-02-01 18:32:05,9
596,596,51,eu tincidunt in leo maecenas pulvinar lobortis est phasellus sit amet erat nulla tempus vivamus in felis eu,2017-04-23 06:21:45,3
597,597,79,interdum in ante vestibulum ante ipsum primis in faucibus orci luctus et ultrices posuere cubilia curae duis faucibus accumsan odio,2017-02-08 18:22:01,7
598,598,96,feugiat non pretium quis lectus suspendisse potenti in eleifend quam,2017-03-11 11:59:29,1
599,599,93,in tempus sit amet sem fusce consequat nulla nisl nunc nisl duis bibendum felis sed,2018-01-01 03:34:57,6
600,600,26,mauris eget massa tempor convallis nulla neque libero convallis eget eleifend luctus ultricies eu nibh quisque id justo,2017-08-24 23:28:03,7
601,601,72,congue etiam justo etiam pretium iaculis justo in hac habitasse,2017-10-31 01:13:39,7
602,602,12,diam neque vestibulum eget vulputate ut ultrices vel augue vestibulum ante ipsum primis in faucibus orci luctus et ultrices posuere,2017-05-18 08:56:53,4
603,603,56,pulvinar sed nisl nunc rhoncus dui vel sem sed sagittis nam congue risus semper porta volutpat quam pede lobortis,2017-08-12 05:41:09,6
604,604,80,ut mauris eget massa tempor convallis nulla neque libero convallis eget eleifend luctus ultricies eu nibh,2017-08-19 22:43:31,1
605,605,43,ut rhoncus aliquet pulvinar sed nisl nunc rhoncus dui vel sem sed,2017-05-20 07:17:29,2
606,606,45,hendrerit at vulputate vitae nisl aenean lectus pellentesque eget nunc donec quis orci eget orci vehicula condimentum curabitur in,2018-01-07 05:58:10,2
607,607,7,proin risus praesent lectus vestibulum quam sapien varius ut blandit non interdum in ante vestibulum ante ipsum primis in,2017-07-15 17:49:31,8
608,608,58,sed tristique in tempus sit amet sem fusce consequat nulla nisl nunc nisl duis bibendum felis sed interdum,2017-11-16 16:16:30,9
609,609,62,ultrices libero non mattis pulvinar nulla pede ullamcorper augue a,2017-11-26 12:51:40,6
610,610,9,vulputate elementum nullam varius nulla facilisi cras non velit nec,2017-10-02 04:30:26,2
611,611,42,et commodo vulputate justo in blandit ultrices enim lorem ipsum,2017-10-14 04:35:33,2
612,612,81,sit amet consectetuer adipiscing elit proin interdum mauris non ligula pellentesque ultrices phasellus id,2017-06-02 03:52:37,1
613,613,92,non sodales sed tincidunt eu felis fusce posuere felis sed lacus morbi sem mauris laoreet ut rhoncus,2017-12-13 08:51:10,3
614,614,16,eu felis fusce posuere felis sed lacus morbi sem mauris laoreet ut rhoncus aliquet pulvinar sed nisl,2017-10-21 18:51:15,6
615,615,39,cursus id turpis integer aliquet massa id lobortis convallis tortor risus dapibus augue,2017-08-15 15:46:06,3
616,616,30,molestie sed justo pellentesque viverra pede ac diam cras pellentesque volutpat dui maecenas tristique est et tempus semper est,2017-11-21 13:03:29,4
617,617,77,sit amet nulla quisque arcu libero rutrum ac lobortis vel dapibus at,2017-08-09 15:36:51,4
618,618,4,sit amet consectetuer adipiscing elit proin risus praesent lectus vestibulum quam sapien,2017-08-08 23:31:11,2
619,619,82,consectetuer adipiscing elit proin interdum mauris non ligula pellentesque ultrices phasellus id sapien in sapien iaculis congue,2017-07-29 05:24:31,4
620,620,23,pellentesque volutpat dui maecenas tristique est et tempus semper est quam pharetra magna ac consequat metus sapien,2018-01-01 08:36:31,7
621,621,3,aenean fermentum donec ut mauris eget massa tempor convallis nulla,2017-09-24 06:31:32,8
622,622,89,viverra eget congue eget semper rutrum nulla nunc purus phasellus,2017-09-28 20:42:51,6
623,623,47,risus dapibus augue vel accumsan tellus nisi eu orci mauris lacinia sapien quis,2017-03-30 20:33:50,2
624,624,93,diam neque vestibulum eget vulputate ut ultrices vel augue vestibulum ante ipsum primis in faucibus,2017-02-12 04:02:17,1
625,625,48,est congue elementum in hac habitasse platea dictumst morbi vestibulum velit id pretium iaculis diam erat fermentum justo nec,2018-01-12 11:33:39,5
626,626,3,dictumst aliquam augue quam sollicitudin vitae consectetuer eget rutrum at lorem integer,2017-08-20 18:09:46,5
627,627,16,congue risus semper porta volutpat quam pede lobortis ligula sit amet eleifend pede libero,2017-08-30 14:40:16,5
628,628,7,sed accumsan felis ut at dolor quis odio consequat varius integer ac leo pellentesque ultrices mattis odio,2017-03-26 07:39:25,2
629,629,4,turpis adipiscing lorem vitae mattis nibh ligula nec sem duis aliquam convallis nunc proin at turpis a pede posuere,2017-07-11 16:02:06,4
630,630,70,volutpat in congue etiam justo etiam pretium iaculis justo in hac habitasse,2017-12-25 12:58:01,1
631,631,66,interdum eu tincidunt in leo maecenas pulvinar lobortis est phasellus sit,2017-08-09 01:38:39,6
632,632,3,phasellus in felis donec semper sapien a libero nam dui proin leo,2017-10-29 20:17:04,6
633,633,1,lorem quisque ut erat curabitur gravida nisi at nibh in hac habitasse platea dictumst aliquam augue quam sollicitudin vitae,2018-01-20 18:10:45,6
634,634,50,blandit lacinia erat vestibulum sed magna at nunc commodo placerat,2017-04-15 23:52:54,4
635,635,77,aenean sit amet justo morbi ut odio cras mi pede malesuada in imperdiet et commodo vulputate justo in blandit,2017-09-28 07:19:31,8
636,636,93,donec dapibus duis at velit eu est congue elementum in,2017-04-15 20:04:59,8
637,637,76,ut odio cras mi pede malesuada in imperdiet et commodo vulputate justo,2017-12-19 02:13:03,2
